id,전기요금(원)
32064,3013.7976
32065,3013.7976
32066,3013.7976
32067,2642.6782
32068,2642.6782
32069,2642.6782
32070,2642.6782
32071,2916.973
32072,2916.973
32073,2916.973
32074,2916.973
32075,2916.973
32076,2916.973
32077,2916.973
32078,2916.973
32079,2916.973
32080,2916.973
32081,2916.973
32082,2916.973
32083,2916.973
32084,2916.973
32085,2916.973
32086,2916.973
32087,2916.973
32088,2916.973
32089,2916.973
32090,2916.973
32091,3102.6636
32092,3102.6636
32093,3102.6636
32094,3102.6636
32095,5651.3613
32096,5651.3613
32097,5651.3613
32098,5651.3613
32099,3180.7651
32100,3228.945
32101,3228.945
32102,3228.945
32103,3401.6868
32104,3569.96
32105,3569.96
32106,3569.96
32107,3569.96
32108,3569.96
32109,3569.96
32110,3569.96
32111,2817.7935
32112,2193.38
32113,2193.38
32114,2193.38
32115,4828.4966
32116,4828.4966
32117,4828.4966
32118,4828.4966
32119,3188.8535
32120,3188.8535
32121,3188.8535
32122,3188.8535
32123,3217.9268
32124,3217.9268
32125,3217.9268
32126,3217.9268
32127,3238.955
32128,3238.955
32129,3238.955
32130,3238.955
32131,2325.9763
32132,2522.8384
32133,2522.8384
32134,2522.8384
32135,3461.4094
32136,3461.4094
32137,3461.4094
32138,3461.4094
32139,3453.241
32140,3453.241
32141,3453.241
32142,3453.241
32143,3390.5027
32144,3099.913
32145,3099.913
32146,3099.913
32147,2163.5093
32148,2163.5093
32149,2163.5093
32150,2163.5093
32151,2536.4678
32152,2830.4502
32153,2830.4502
32154,2830.4502
32155,2839.2659
32156,2756.4517
32157,2756.4517
32158,2756.4517
32159,3013.7976
32160,3185.8855
32161,3185.8855
32162,3185.8855
32163,2814.766
32164,2814.766
32165,2814.766
32166,2814.766
32167,3262.1665
32168,3262.1665
32169,3262.1665
32170,3262.1665
32171,3262.1665
32172,3262.1665
32173,3262.1665
32174,3262.1665
32175,3262.1665
32176,3262.1665
32177,3262.1665
32178,3262.1665
32179,3262.1665
32180,3262.1665
32181,3262.1665
32182,3262.1665
32183,3262.1665
32184,3262.1665
32185,3262.1665
32186,3262.1665
32187,3234.1555
32188,3234.1555
32189,3234.1555
32190,3234.1555
32191,6028.7734
32192,6028.7734
32193,6028.7734
32194,6028.7734
32195,3520.271
32196,3520.271
32197,3520.271
32198,3520.271
32199,3414.252
32200,3414.252
32201,3414.252
32202,3414.252
32203,3414.252
32204,3414.252
32205,3414.252
32206,3414.252
32207,2775.3142
32208,2775.3142
32209,2775.3142
32210,2775.3142
32211,5135.446
32212,5135.446
32213,5135.446
32214,5135.446
32215,3445.301
32216,3445.301
32217,3445.301
32218,3445.301
32219,3471.696
32220,3471.696
32221,3471.696
32222,3471.696
32223,3386.9358
32224,3386.9358
32225,3386.9358
32226,3386.9358
32227,2981.9421
32228,2981.9421
32229,2981.9421
32230,2981.9421
32231,3534.0867
32232,3534.0867
32233,3534.0867
32234,3534.0867
32235,3540.9133
32236,3540.9133
32237,3540.9133
32238,3540.9133
32239,3519.4119
32240,3519.4119
32241,3519.4119
32242,3519.4119
32243,2586.6658
32244,2586.6658
32245,2586.6658
32246,2586.6658
32247,2933.7793
32248,2933.7793
32249,2933.7793
32250,2933.7793
32251,2942.5947
32252,2942.5947
32253,2942.5947
32254,2942.5947
32255,3185.8855
32256,3209.093
32257,3209.093
32258,3209.093
32259,2837.9736
32260,2837.9736
32261,2837.9736
32262,2837.9736
32263,3287.297
32264,3287.297
32265,3287.297
32266,3287.297
32267,3287.297
32268,3287.297
32269,3287.297
32270,3287.297
32271,3287.297
32272,3287.297
32273,3287.297
32274,3287.297
32275,3287.297
32276,3287.297
32277,3287.297
32278,3287.297
32279,3287.297
32280,3287.297
32281,3287.297
32282,3287.297
32283,3337.4722
32284,3337.4722
32285,3337.4722
32286,3337.4722
32287,6119.58
32288,6119.58
32289,6119.58
32290,6119.58
32291,3527.1152
32292,3520.5938
32293,3520.5938
32294,3520.5938
32295,3423.4622
32296,3591.7354
32297,3591.7354
32298,3591.7354
32299,3591.7354
32300,3591.7354
32301,3591.7354
32302,3591.7354
32303,2866.1462
32304,2241.7327
32305,2241.7327
32306,2241.7327
32307,4907.3535
32308,4907.3535
32309,4907.3535
32310,4907.3535
32311,3242.2983
32312,3242.2983
32313,3242.2983
32314,3242.2983
32315,3268.6936
32316,3268.6936
32317,3268.6936
32318,3268.6936
32319,3280.9058
32320,3280.9058
32321,3280.9058
32322,3280.9058
32323,2870.4207
32324,3067.2827
32325,3067.2827
32326,3067.2827
32327,3652.326
32328,3652.326
32329,3652.326
32330,3652.326
32331,3652.5496
32332,3652.5496
32333,3652.5496
32334,3652.5496
32335,3607.7588
32336,3317.1692
32337,3317.1692
32338,3317.1692
32339,2380.064
32340,2380.064
32341,2380.064
32342,2380.064
32343,2734.1797
32344,3028.162
32345,3028.162
32346,3028.162
32347,3036.9778
32348,2942.5947
32349,2942.5947
32350,2942.5947
32351,3209.093
32352,3209.093
32353,3209.093
32354,3209.093
32355,2837.9736
32356,2837.9736
32357,2837.9736
32358,2837.9736
32359,3287.297
32360,3287.297
32361,3287.297
32362,3287.297
32363,3287.297
32364,3287.297
32365,3287.297
32366,3287.297
32367,3287.297
32368,3287.297
32369,3287.297
32370,3287.297
32371,3287.297
32372,3287.297
32373,3287.297
32374,3287.297
32375,3287.297
32376,3287.297
32377,3287.297
32378,3287.297
32379,3337.4722
32380,3337.4722
32381,3337.4722
32382,3337.4722
32383,6119.58
32384,6119.58
32385,6119.58
32386,6119.58
32387,3527.1152
32388,3520.5938
32389,3520.5938
32390,3520.5938
32391,3423.4622
32392,3591.7354
32393,3591.7354
32394,3591.7354
32395,3591.7354
32396,3591.7354
32397,3591.7354
32398,3591.7354
32399,2866.1462
32400,2241.7327
32401,2241.7327
32402,2241.7327
32403,4907.3535
32404,4907.3535
32405,4907.3535
32406,4907.3535
32407,3242.2983
32408,3242.2983
32409,3242.2983
32410,3242.2983
32411,3268.6936
32412,3268.6936
32413,3268.6936
32414,3268.6936
32415,3280.9058
32416,3280.9058
32417,3280.9058
32418,3280.9058
32419,2870.4207
32420,3067.2827
32421,3067.2827
32422,3067.2827
32423,3652.326
32424,3652.326
32425,3652.326
32426,3652.326
32427,3652.5496
32428,3652.5496
32429,3652.5496
32430,3652.5496
32431,3607.7588
32432,3317.1692
32433,3317.1692
32434,3317.1692
32435,2380.064
32436,2380.064
32437,2380.064
32438,2380.064
32439,2734.1797
32440,3028.162
32441,3028.162
32442,3028.162
32443,3036.9778
32444,2942.5947
32445,2942.5947
32446,2942.5947
32447,3209.093
32448,3212.5022
32449,3212.5022
32450,3212.5022
32451,2841.3826
32452,2841.3826
32453,2841.3826
32454,2841.3826
32455,3290.7063
32456,3290.7063
32457,3290.7063
32458,3290.7063
32459,3290.7063
32460,3290.7063
32461,3290.7063
32462,3290.7063
32463,3290.7063
32464,3290.7063
32465,3290.7063
32466,3290.7063
32467,3290.7063
32468,3290.7063
32469,3290.7063
32470,3290.7063
32471,3290.7063
32472,3290.7063
32473,3290.7063
32474,3290.7063
32475,3340.881
32476,3340.881
32477,3340.881
32478,3340.881
32479,6122.9897
32480,6122.9897
32481,6122.9897
32482,6122.9897
32483,3521.6416
32484,3515.1204
32485,3515.1204
32486,3515.1204
32487,3417.9888
32488,3586.262
32489,3586.262
32490,3586.262
32491,3586.262
32492,3586.262
32493,3586.262
32494,3586.262
32495,2869.5554
32496,2245.1416
32497,2245.1416
32498,2245.1416
32499,4910.7627
32500,4910.7627
32501,4910.7627
32502,4910.7627
32503,3245.7075
32504,3245.7075
32505,3245.7075
32506,3245.7075
32507,3272.1025
32508,3272.1025
32509,3272.1025
32510,3272.1025
32511,3275.4324
32512,3275.4324
32513,3275.4324
32514,3275.4324
32515,2864.9473
32516,3061.8093
32517,3061.8093
32518,3061.8093
32519,3646.8525
32520,3646.8525
32521,3646.8525
32522,3646.8525
32523,3662.5618
32524,3662.5618
32525,3662.5618
32526,3662.5618
32527,3605.4836
32528,3314.894
32529,3314.894
32530,3314.894
32531,2423.6682
32532,2423.6682
32533,2423.6682
32534,2423.6682
32535,2768.5256
32536,3062.508
32537,3062.508
32538,3062.508
32539,3071.3235
32540,2976.941
32541,2976.941
32542,2976.941
32543,3212.5022
32544,3240.4236
32545,3240.4236
32546,3240.4236
32547,2869.3044
32548,2869.3044
32549,2869.3044
32550,2869.3044
32551,3318.6277
32552,3318.6277
32553,3318.6277
32554,3318.6277
32555,3318.6277
32556,3318.6277
32557,3318.6277
32558,3318.6277
32559,3318.6277
32560,3318.6277
32561,3318.6277
32562,3318.6277
32563,3318.6277
32564,3318.6277
32565,3318.6277
32566,3318.6277
32567,3318.6277
32568,3318.6277
32569,3318.6277
32570,3318.6277
32571,3368.803
32572,3368.803
32573,3368.803
32574,3368.803
32575,6162.1006
32576,6162.1006
32577,6162.1006
32578,6162.1006
32579,3521.6416
32580,3515.1204
32581,3515.1204
32582,3515.1204
32583,3417.0693
32584,3585.3425
32585,3585.3425
32586,3585.3425
32587,3585.3425
32588,3585.3425
32589,3585.3425
32590,3585.3425
32591,2869.5554
32592,2245.1416
32593,2245.1416
32594,2245.1416
32595,4910.7627
32596,4910.7627
32597,4910.7627
32598,4910.7627
32599,3252.061
32600,3252.061
32601,3252.061
32602,3252.061
32603,3281.1343
32604,3281.1343
32605,3281.1343
32606,3281.1343
32607,3283.5444
32608,3283.5444
32609,3283.5444
32610,3283.5444
32611,2873.0593
32612,3069.9214
32613,3069.9214
32614,3069.9214
32615,3654.9646
32616,3654.9646
32617,3654.9646
32618,3654.9646
32619,3671.593
32620,3671.593
32621,3671.593
32622,3671.593
32623,3614.5154
32624,3323.9258
32625,3323.9258
32626,3323.9258
32627,2426.3464
32628,2426.3464
32629,2426.3464
32630,2426.3464
32631,2771.2034
32632,3065.1858
32633,3065.1858
32634,3065.1858
32635,3074.0017
32636,2979.6187
32637,2979.6187
32638,2979.6187
32639,3240.4236
32640,3172.4639
32641,3172.4639
32642,3172.4639
32643,2801.3447
32644,2801.3447
32645,2801.3447
32646,2801.3447
32647,3075.6392
32648,3075.6392
32649,3075.6392
32650,3075.6392
32651,3075.6392
32652,3075.6392
32653,3075.6392
32654,3075.6392
32655,3075.6392
32656,3075.6392
32657,3075.6392
32658,3075.6392
32659,3075.6392
32660,3075.6392
32661,3075.6392
32662,3075.6392
32663,3075.6392
32664,3075.6392
32665,3075.6392
32666,3075.6392
32667,3261.33
32668,3261.33
32669,3261.33
32670,3261.33
32671,6054.628
32672,6054.628
32673,6054.628
32674,6054.628
32675,3492.9263
32676,3486.405
32677,3486.405
32678,3486.405
32679,3426.117
32680,3594.3901
32681,3594.3901
32682,3594.3901
32683,3594.3901
32684,3594.3901
32685,3594.3901
32686,3594.3901
32687,2869.7869
32688,2245.373
32689,2245.373
32690,2245.373
32691,4910.994
32692,4910.994
32693,4910.994
32694,4910.994
32695,3252.2925
32696,3252.2925
32697,3252.2925
32698,3252.2925
32699,3281.3657
32700,3281.3657
32701,3281.3657
32702,3281.3657
32703,3292.592
32704,3292.592
32705,3292.592
32706,3292.592
32707,2882.107
32708,3078.969
32709,3078.969
32710,3078.969
32711,3664.0122
32712,3664.0122
32713,3664.0122
32714,3664.0122
32715,3671.8245
32716,3671.8245
32717,3671.8245
32718,3671.8245
32719,3614.7468
32720,3324.1572
32721,3324.1572
32722,3324.1572
32723,2426.578
32724,2426.578
32725,2426.578
32726,2426.578
32727,2771.4348
32728,3065.4172
32729,3065.4172
32730,3065.4172
32731,3074.2332
32732,2979.85
32733,2979.85
32734,2979.85
32735,3172.4639
32736,3061.3413
32737,3061.3413
32738,3061.3413
32739,2690.2222
32740,2690.2222
32741,2690.2222
32742,2690.2222
32743,2964.5166
32744,2964.5166
32745,2964.5166
32746,2964.5166
32747,2964.5166
32748,2964.5166
32749,2964.5166
32750,2964.5166
32751,2964.5166
32752,2964.5166
32753,2964.5166
32754,2964.5166
32755,2964.5166
32756,2964.5166
32757,2964.5166
32758,2964.5166
32759,2964.5166
32760,2964.5166
32761,2964.5166
32762,2964.5166
32763,3150.2075
32764,3150.2075
32765,3150.2075
32766,3150.2075
32767,5660.475
32768,5660.475
32769,5660.475
32770,5660.475
32771,3413.107
32772,3461.2869
32773,3461.2869
32774,3461.2869
32775,3400.9988
32776,3569.272
32777,3569.272
32778,3569.272
32779,3569.272
32780,3569.272
32781,3569.272
32782,3569.272
32783,2826.9075
32784,2202.4937
32785,2202.4937
32786,2202.4937
32787,4837.6104
32788,4837.6104
32789,4837.6104
32790,4837.6104
32791,3197.9673
32792,3197.9673
32793,3197.9673
32794,3197.9673
32795,3227.0405
32796,3227.0405
32797,3227.0405
32798,3227.0405
32799,3238.267
32800,3238.267
32801,3238.267
32802,3238.267
32803,2325.2883
32804,2522.1504
32805,2522.1504
32806,2522.1504
32807,3460.7214
32808,3460.7214
32809,3460.7214
32810,3460.7214
32811,3462.3547
32812,3462.3547
32813,3462.3547
32814,3462.3547
32815,3399.6165
32816,3109.0269
32817,3109.0269
32818,3109.0269
32819,2223.6584
32820,2223.6584
32821,2223.6584
32822,2223.6584
32823,2596.617
32824,2890.5994
32825,2890.5994
32826,2890.5994
32827,2899.4153
32828,2816.601
32829,2816.601
32830,2816.601
32831,3061.3413
32832,3194.9993
32833,3194.9993
32834,3194.9993
32835,2823.8801
32836,2823.8801
32837,2823.8801
32838,2823.8801
32839,3271.2805
32840,3271.2805
32841,3271.2805
32842,3271.2805
32843,3271.2805
32844,3271.2805
32845,3271.2805
32846,3271.2805
32847,3271.2805
32848,3271.2805
32849,3271.2805
32850,3271.2805
32851,3271.2805
32852,3271.2805
32853,3271.2805
32854,3271.2805
32855,3271.2805
32856,3271.2805
32857,3271.2805
32858,3271.2805
32859,3243.2693
32860,3243.2693
32861,3243.2693
32862,3243.2693
32863,6037.887
32864,6037.887
32865,6037.887
32866,6037.887
32867,3482.7393
32868,3482.7393
32869,3482.7393
32870,3482.7393
32871,3413.564
32872,3413.564
32873,3413.564
32874,3413.564
32875,3413.564
32876,3413.564
32877,3413.564
32878,3413.564
32879,2784.428
32880,2784.428
32881,2784.428
32882,2784.428
32883,5144.5596
32884,5144.5596
32885,5144.5596
32886,5144.5596
32887,3454.4148
32888,3454.4148
32889,3454.4148
32890,3454.4148
32891,3480.8103
32892,3480.8103
32893,3480.8103
32894,3480.8103
32895,3386.2478
32896,3386.2478
32897,3386.2478
32898,3386.2478
32899,2981.2542
32900,2981.2542
32901,2981.2542
32902,2981.2542
32903,3533.3987
32904,3533.3987
32905,3533.3987
32906,3533.3987
32907,3550.027
32908,3550.027
32909,3550.027
32910,3550.027
32911,3516.2385
32912,3516.2385
32913,3516.2385
32914,3516.2385
32915,2634.5276
32916,2634.5276
32917,2634.5276
32918,2634.5276
32919,2993.9287
32920,2993.9287
32921,2993.9287
32922,2993.9287
32923,3002.7441
32924,3002.7441
32925,3002.7441
32926,3002.7441
32927,3194.9993
32928,3218.207
32929,3218.207
32930,3218.207
32931,2847.0874
32932,2847.0874
32933,2847.0874
32934,2847.0874
32935,3296.4111
32936,3296.4111
32937,3296.4111
32938,3296.4111
32939,3296.4111
32940,3296.4111
32941,3296.4111
32942,3296.4111
32943,3296.4111
32944,3296.4111
32945,3296.4111
32946,3296.4111
32947,3296.4111
32948,3296.4111
32949,3296.4111
32950,3296.4111
32951,3296.4111
32952,3296.4111
32953,3296.4111
32954,3296.4111
32955,3346.586
32956,3346.586
32957,3346.586
32958,3346.586
32959,6128.694
32960,6128.694
32961,6128.694
32962,6128.694
32963,3489.5835
32964,3483.0623
32965,3483.0623
32966,3483.0623
32967,3422.7742
32968,3591.0474
32969,3591.0474
32970,3591.0474
32971,3591.0474
32972,3591.0474
32973,3591.0474
32974,3591.0474
32975,2875.2603
32976,2250.8464
32977,2250.8464
32978,2250.8464
32979,4916.4673
32980,4916.4673
32981,4916.4673
32982,4916.4673
32983,3251.4124
32984,3251.4124
32985,3251.4124
32986,3251.4124
32987,3277.8074
32988,3277.8074
32989,3277.8074
32990,3277.8074
32991,3280.2178
32992,3280.2178
32993,3280.2178
32994,3280.2178
32995,2869.7327
32996,3066.5947
32997,3066.5947
32998,3066.5947
32999,3651.638
33000,3651.638
33001,3651.638
33002,3651.638
33003,3661.6636
33004,3661.6636
33005,3661.6636
33006,3661.6636
33007,3604.5854
33008,3313.9958
33009,3313.9958
33010,3313.9958
33011,2427.9263
33012,2427.9263
33013,2427.9263
33014,2427.9263
33015,2794.3289
33016,3088.3113
33017,3088.3113
33018,3088.3113
33019,3097.1272
33020,3002.7441
33021,3002.7441
33022,3002.7441
33023,3218.207
33024,3218.207
33025,3218.207
33026,3218.207
33027,2847.0874
33028,2847.0874
33029,2847.0874
33030,2847.0874
33031,3296.4111
33032,3296.4111
33033,3296.4111
33034,3296.4111
33035,3296.4111
33036,3296.4111
33037,3296.4111
33038,3296.4111
33039,3296.4111
33040,3296.4111
33041,3296.4111
33042,3296.4111
33043,3296.4111
33044,3296.4111
33045,3296.4111
33046,3296.4111
33047,3296.4111
33048,3296.4111
33049,3296.4111
33050,3296.4111
33051,3346.586
33052,3346.586
33053,3346.586
33054,3346.586
33055,6128.694
33056,6128.694
33057,6128.694
33058,6128.694
33059,3489.5835
33060,3483.0623
33061,3483.0623
33062,3483.0623
33063,3422.7742
33064,3591.0474
33065,3591.0474
33066,3591.0474
33067,3591.0474
33068,3591.0474
33069,3591.0474
33070,3591.0474
33071,2875.2603
33072,2250.8464
33073,2250.8464
33074,2250.8464
33075,4916.4673
33076,4916.4673
33077,4916.4673
33078,4916.4673
33079,3251.4124
33080,3251.4124
33081,3251.4124
33082,3251.4124
33083,3277.8074
33084,3277.8074
33085,3277.8074
33086,3277.8074
33087,3280.2178
33088,3280.2178
33089,3280.2178
33090,3280.2178
33091,2869.7327
33092,3066.5947
33093,3066.5947
33094,3066.5947
33095,3651.638
33096,3651.638
33097,3651.638
33098,3651.638
33099,3661.6636
33100,3661.6636
33101,3661.6636
33102,3661.6636
33103,3604.5854
33104,3313.9958
33105,3313.9958
33106,3313.9958
33107,2427.9263
33108,2427.9263
33109,2427.9263
33110,2427.9263
33111,2794.3289
33112,3088.3113
33113,3088.3113
33114,3088.3113
33115,3097.1272
33116,3002.7441
33117,3002.7441
33118,3002.7441
33119,3218.207
33120,3212.7336
33121,3212.7336
33122,3212.7336
33123,2841.614
33124,2841.614
33125,2841.614
33126,2841.614
33127,3290.9377
33128,3290.9377
33129,3290.9377
33130,3290.9377
33131,3290.9377
33132,3290.9377
33133,3290.9377
33134,3290.9377
33135,3290.9377
33136,3290.9377
33137,3290.9377
33138,3290.9377
33139,3290.9377
33140,3290.9377
33141,3290.9377
33142,3290.9377
33143,3290.9377
33144,3290.9377
33145,3290.9377
33146,3290.9377
33147,3341.1125
33148,3341.1125
33149,3341.1125
33150,3341.1125
33151,6195.731
33152,6195.731
33153,6195.731
33154,6195.731
33155,3484.1104
33156,3477.5889
33157,3477.5889
33158,3477.5889
33159,3417.3008
33160,3585.574
33161,3585.574
33162,3585.574
33163,3585.574
33164,3585.574
33165,3585.574
33166,3585.574
33167,2878.057
33168,2253.6436
33169,2253.6436
33170,2253.6436
33171,4919.2656
33172,4919.2656
33173,4919.2656
33174,4919.2656
33175,3254.209
33176,3254.209
33177,3254.209
33178,3254.209
33179,3280.6045
33180,3280.6045
33181,3280.6045
33182,3280.6045
33183,3274.7444
33184,3274.7444
33185,3274.7444
33186,3274.7444
33187,2864.2593
33188,3061.1213
33189,3061.1213
33190,3061.1213
33191,3646.1646
33192,3646.1646
33193,3646.1646
33194,3646.1646
33195,3648.9607
33196,3648.9607
33197,3648.9607
33198,3648.9607
33199,3613.9856
33200,3323.396
33201,3323.396
33202,3323.396
33203,2432.1702
33204,2432.1702
33205,2432.1702
33206,2432.1702
33207,2768.757
33208,3062.7395
33209,3062.7395
33210,3062.7395
33211,3071.555
33212,2977.1724
33213,2977.1724
33214,2977.1724
33215,3212.7336
33216,3240.655
33217,3240.655
33218,3240.655
33219,2869.536
33220,2869.536
33221,2869.536
33222,2869.536
33223,3318.8591
33224,3318.8591
33225,3318.8591
33226,3318.8591
33227,3318.8591
33228,3318.8591
33229,3318.8591
33230,3318.8591
33231,3318.8591
33232,3318.8591
33233,3318.8591
33234,3318.8591
33235,3318.8591
33236,3318.8591
33237,3318.8591
33238,3318.8591
33239,3318.8591
33240,3318.8591
33241,3318.8591
33242,3318.8591
33243,3369.0344
33244,3369.0344
33245,3369.0344
33246,3369.0344
33247,6234.842
33248,6234.842
33249,6234.842
33250,6234.842
33251,3452.0947
33252,3477.3477
33253,3477.3477
33254,3477.3477
33255,3417.0596
33256,3553.5583
33257,3553.5583
33258,3553.5583
33259,3553.5583
33260,3553.5583
33261,3553.5583
33262,3553.5583
33263,2878.057
33264,2253.6436
33265,2253.6436
33266,2253.6436
33267,4919.2656
33268,4919.2656
33269,4919.2656
33270,4919.2656
33271,3260.5625
33272,3260.5625
33273,3260.5625
33274,3260.5625
33275,3289.6357
33276,3289.6357
33277,3289.6357
33278,3289.6357
33279,3248.628
33280,3248.628
33281,3248.628
33282,3248.628
33283,2781.5586
33284,2946.6462
33285,2946.6462
33286,2946.6462
33287,3531.6895
33288,3531.6895
33289,3531.6895
33290,3531.6895
33291,3657.9924
33292,3657.9924
33293,3657.9924
33294,3657.9924
33295,3623.0168
33296,3332.4272
33297,3332.4272
33298,3332.4272
33299,2434.848
33300,2434.848
33301,2434.848
33302,2434.848
33303,2771.4348
33304,3065.4172
33305,3065.4172
33306,3065.4172
33307,3074.2332
33308,2979.85
33309,2979.85
33310,2979.85
33311,3240.655
33312,3172.4639
33313,3172.4639
33314,3172.4639
33315,2801.3447
33316,2801.3447
33317,2801.3447
33318,2801.3447
33319,3075.6392
33320,3075.6392
33321,3075.6392
33322,3075.6392
33323,3075.6392
33324,3075.6392
33325,3075.6392
33326,3075.6392
33327,3075.6392
33328,3075.6392
33329,3075.6392
33330,3075.6392
33331,3075.6392
33332,3075.6392
33333,3075.6392
33334,3075.6392
33335,3075.6392
33336,3075.6392
33337,3075.6392
33338,3075.6392
33339,3261.33
33340,3261.33
33341,3261.33
33342,3261.33
33343,6127.1377
33344,6127.1377
33345,6127.1377
33346,6127.1377
33347,3460.9106
33348,3486.1638
33349,3486.1638
33350,3486.1638
33351,3425.8757
33352,3562.3745
33353,3562.3745
33354,3562.3745
33355,3562.3745
33356,3562.3745
33357,3562.3745
33358,3562.3745
33359,2878.057
33360,2253.6436
33361,2253.6436
33362,2253.6436
33363,4919.2656
33364,4919.2656
33365,4919.2656
33366,4919.2656
33367,3260.5625
33368,3260.5625
33369,3260.5625
33370,3260.5625
33371,3289.6357
33372,3289.6357
33373,3289.6357
33374,3289.6357
33375,3257.444
33376,3257.444
33377,3257.444
33378,3257.444
33379,2790.3748
33380,2955.4624
33381,2955.4624
33382,2955.4624
33383,3540.5056
33384,3540.5056
33385,3540.5056
33386,3540.5056
33387,3657.9924
33388,3657.9924
33389,3657.9924
33390,3657.9924
33391,3623.0168
33392,3332.4272
33393,3332.4272
33394,3332.4272
33395,2434.848
33396,2434.848
33397,2434.848
33398,2434.848
33399,2771.4348
33400,3065.4172
33401,3065.4172
33402,3065.4172
33403,3074.2332
33404,2979.85
33405,2979.85
33406,2979.85
33407,3172.4639
33408,3061.3413
33409,3061.3413
33410,3061.3413
33411,2690.2222
33412,2690.2222
33413,2690.2222
33414,2690.2222
33415,2964.5166
33416,2964.5166
33417,2964.5166
33418,2964.5166
33419,2964.5166
33420,2964.5166
33421,2964.5166
33422,2964.5166
33423,2964.5166
33424,2964.5166
33425,2964.5166
33426,2964.5166
33427,2964.5166
33428,2964.5166
33429,2964.5166
33430,2964.5166
33431,2964.5166
33432,2964.5166
33433,2964.5166
33434,2964.5166
33435,3150.2075
33436,3150.2075
33437,3150.2075
33438,3150.2075
33439,5732.985
33440,5732.985
33441,5732.985
33442,5732.985
33443,3381.0913
33444,3381.0913
33445,3381.0913
33446,3381.0913
33447,3311.916
33448,3311.916
33449,3311.916
33450,3311.916
33451,3311.916
33452,3311.916
33453,3311.916
33454,3311.916
33455,2726.948
33456,2726.948
33457,2726.948
33458,2726.948
33459,5056.5776
33460,5056.5776
33461,5056.5776
33462,5056.5776
33463,3391.8425
33464,3391.8425
33465,3391.8425
33466,3391.8425
33467,3420.9158
33468,3420.9158
33469,3420.9158
33470,3420.9158
33471,3259.9773
33472,3259.9773
33473,3259.9773
33474,3259.9773
33475,2326.2249
33476,2326.2249
33477,2326.2249
33478,2326.2249
33479,3264.7957
33480,3264.7957
33481,3264.7957
33482,3264.7957
33483,3376.1033
33484,3376.1033
33485,3376.1033
33486,3376.1033
33487,3335.4675
33488,3335.4675
33489,3335.4675
33490,3335.4675
33491,2450.0994
33492,2450.0994
33493,2450.0994
33494,2450.0994
33495,2807.7856
33496,2807.7856
33497,2807.7856
33498,2807.7856
33499,2816.601
33500,2816.601
33501,2816.601
33502,2816.601
33503,3061.3413
33504,3194.9993
33505,3194.9993
33506,3194.9993
33507,2823.8801
33508,2823.8801
33509,2823.8801
33510,2823.8801
33511,3271.2805
33512,3271.2805
33513,3271.2805
33514,3271.2805
33515,3271.2805
33516,3271.2805
33517,3271.2805
33518,3271.2805
33519,3271.2805
33520,3271.2805
33521,3271.2805
33522,3271.2805
33523,3271.2805
33524,3271.2805
33525,3271.2805
33526,3271.2805
33527,3271.2805
33528,3271.2805
33529,3271.2805
33530,3271.2805
33531,3243.2693
33532,3243.2693
33533,3243.2693
33534,3243.2693
33535,6110.397
33536,6110.397
33537,6110.397
33538,6110.397
33539,3450.7236
33540,3479.222
33541,3479.222
33542,3479.222
33543,3418.9338
33544,3552.1875
33545,3552.1875
33546,3552.1875
33547,3552.1875
33548,3552.1875
33549,3552.1875
33550,3552.1875
33551,2876.686
33552,2255.5178
33553,2255.5178
33554,2255.5178
33555,4921.138
33556,4921.138
33557,4921.138
33558,4921.138
33559,3256.0833
33560,3256.0833
33561,3256.0833
33562,3256.0833
33563,3282.4788
33564,3282.4788
33565,3282.4788
33566,3282.4788
33567,3241.4707
33568,3241.4707
33569,3241.4707
33570,3241.4707
33571,2779.8928
33572,2941.7354
33573,2941.7354
33574,2941.7354
33575,3493.88
33576,3493.88
33577,3493.88
33578,3493.88
33579,3620.1826
33580,3620.1826
33581,3620.1826
33582,3620.1826
33583,3608.4966
33584,3317.907
33585,3317.907
33586,3317.907
33587,2436.1963
33588,2436.1963
33589,2436.1963
33590,2436.1963
33591,2794.3289
33592,3088.3113
33593,3088.3113
33594,3088.3113
33595,3097.1272
33596,3002.7441
33597,3002.7441
33598,3002.7441
33599,3194.9993
33600,3218.5085
33601,3218.5085
33602,3218.5085
33603,2847.389
33604,2847.389
33605,2847.389
33606,2847.389
33607,3296.7126
33608,3296.7126
33609,3296.7126
33610,3296.7126
33611,3296.7126
33612,3296.7126
33613,3296.7126
33614,3296.7126
33615,3296.7126
33616,3296.7126
33617,3296.7126
33618,3296.7126
33619,3296.7126
33620,3296.7126
33621,3296.7126
33622,3296.7126
33623,3296.7126
33624,3296.7126
33625,3296.7126
33626,3296.7126
33627,3346.8875
33628,3346.8875
33629,3346.8875
33630,3346.8875
33631,6201.5054
33632,6201.5054
33633,6201.5054
33634,6201.5054
33635,3457.5679
33636,3482.821
33637,3482.821
33638,3482.821
33639,3422.533
33640,3559.0317
33641,3559.0317
33642,3559.0317
33643,3559.0317
33644,3559.0317
33645,3559.0317
33646,3559.0317
33647,2883.5303
33648,2259.117
33649,2259.117
33650,2259.117
33651,4924.738
33652,4924.738
33653,4924.738
33654,4924.738
33655,3259.6824
33656,3259.6824
33657,3259.6824
33658,3259.6824
33659,3286.078
33660,3286.078
33661,3286.078
33662,3286.078
33663,3245.0698
33664,3245.0698
33665,3245.0698
33666,3245.0698
33667,2778.0005
33668,2943.0881
33669,2943.0881
33670,2943.0881
33671,3528.1313
33672,3528.1313
33673,3528.1313
33674,3528.1313
33675,3647.831
33676,3647.831
33677,3647.831
33678,3647.831
33679,3612.856
33680,3322.2664
33681,3322.2664
33682,3322.2664
33683,2436.1963
33684,2436.1963
33685,2436.1963
33686,2436.1963
33687,2794.3289
33688,3088.3113
33689,3088.3113
33690,3088.3113
33691,3097.1272
33692,3002.7441
33693,3002.7441
33694,3002.7441
33695,3218.5085
33696,3218.5085
33697,3218.5085
33698,3218.5085
33699,2847.389
33700,2847.389
33701,2847.389
33702,2847.389
33703,3296.7126
33704,3296.7126
33705,3296.7126
33706,3296.7126
33707,3296.7126
33708,3296.7126
33709,3296.7126
33710,3296.7126
33711,3296.7126
33712,3296.7126
33713,3296.7126
33714,3296.7126
33715,3296.7126
33716,3296.7126
33717,3296.7126
33718,3296.7126
33719,3296.7126
33720,3296.7126
33721,3296.7126
33722,3296.7126
33723,3346.8875
33724,3346.8875
33725,3346.8875
33726,3346.8875
33727,6201.5054
33728,6201.5054
33729,6201.5054
33730,6201.5054
33731,3451.267
33732,3476.52
33733,3476.52
33734,3476.52
33735,3416.232
33736,3552.7307
33737,3552.7307
33738,3552.7307
33739,3552.7307
33740,3552.7307
33741,3552.7307
33742,3552.7307
33743,2883.5303
33744,2259.117
33745,2259.117
33746,2259.117
33747,4924.738
33748,4924.738
33749,4924.738
33750,4924.738
33751,3259.6824
33752,3259.6824
33753,3259.6824
33754,3259.6824
33755,3286.078
33756,3286.078
33757,3286.078
33758,3286.078
33759,3238.7688
33760,3238.7688
33761,3238.7688
33762,3238.7688
33763,2825.4858
33764,2990.5735
33765,2990.5735
33766,2990.5735
33767,3575.6167
33768,3575.6167
33769,3575.6167
33770,3575.6167
33771,3647.831
33772,3647.831
33773,3647.831
33774,3647.831
33775,3612.856
33776,3322.2664
33777,3322.2664
33778,3322.2664
33779,2443.13
33780,2443.13
33781,2443.13
33782,2443.13
33783,2801.2625
33784,3095.2449
33785,3095.2449
33786,3095.2449
33787,3097.1272
33788,3002.7441
33789,3002.7441
33790,3002.7441
33791,3218.5085
33792,3213.0352
33793,3213.0352
33794,3213.0352
33795,2841.9155
33796,2841.9155
33797,2841.9155
33798,2841.9155
33799,3291.2393
33800,3291.2393
33801,3291.2393
33802,3291.2393
33803,3291.2393
33804,3291.2393
33805,3291.2393
33806,3291.2393
33807,3291.2393
33808,3291.2393
33809,3291.2393
33810,3291.2393
33811,3291.2393
33812,3291.2393
33813,3291.2393
33814,3291.2393
33815,3291.2393
33816,3291.2393
33817,3291.2393
33818,3291.2393
33819,3341.414
33820,3341.414
33821,3341.414
33822,3341.414
33823,6196.0327
33824,6196.0327
33825,6196.0327
33826,6196.0327
33827,3445.7935
33828,3471.0466
33829,3471.0466
33830,3471.0466
33831,3410.7585
33832,3547.2573
33833,3547.2573
33834,3547.2573
33835,3547.2573
33836,3547.2573
33837,3547.2573
33838,3547.2573
33839,2878.057
33840,2253.6436
33841,2253.6436
33842,2253.6436
33843,4919.2656
33844,4919.2656
33845,4919.2656
33846,4919.2656
33847,3254.209
33848,3254.209
33849,3254.209
33850,3254.209
33851,3280.6045
33852,3280.6045
33853,3280.6045
33854,3280.6045
33855,3233.2954
33856,3233.2954
33857,3233.2954
33858,3233.2954
33859,2820.0125
33860,2985.1
33861,2985.1
33862,2985.1
33863,3570.1433
33864,3570.1433
33865,3570.1433
33866,3570.1433
33867,3648.9607
33868,3648.9607
33869,3648.9607
33870,3648.9607
33871,3613.9856
33872,3323.396
33873,3323.396
33874,3323.396
33875,2439.1038
33876,2439.1038
33877,2439.1038
33878,2439.1038
33879,2775.6907
33880,3069.673
33881,3069.673
33882,3069.673
33883,3071.555
33884,2977.1724
33885,2977.1724
33886,2977.1724
33887,3213.0352
33888,3201.8457
33889,3201.8457
33890,3201.8457
33891,2830.7266
33892,2830.7266
33893,2830.7266
33894,2830.7266
33895,3280.0498
33896,3280.0498
33897,3280.0498
33898,3280.0498
33899,3280.0498
33900,3280.0498
33901,3280.0498
33902,3280.0498
33903,3280.0498
33904,3280.0498
33905,3280.0498
33906,3280.0498
33907,3280.0498
33908,3280.0498
33909,3280.0498
33910,3280.0498
33911,3280.0498
33912,3280.0498
33913,3280.0498
33914,3280.0498
33915,3330.225
33916,3330.225
33917,3330.225
33918,3330.225
33919,6196.0327
33920,6196.0327
33921,6196.0327
33922,6196.0327
33923,3445.7935
33924,3471.0466
33925,3471.0466
33926,3471.0466
33927,3410.7585
33928,3547.2573
33929,3547.2573
33930,3547.2573
33931,3547.2573
33932,3547.2573
33933,3547.2573
33934,3547.2573
33935,2878.057
33936,2253.6436
33937,2253.6436
33938,2253.6436
33939,4919.2656
33940,4919.2656
33941,4919.2656
33942,4919.2656
33943,3260.5625
33944,3260.5625
33945,3260.5625
33946,3260.5625
33947,3289.6357
33948,3289.6357
33949,3289.6357
33950,3289.6357
33951,3242.327
33952,3242.327
33953,3242.327
33954,3242.327
33955,2829.044
33956,2994.1316
33957,2994.1316
33958,2994.1316
33959,3579.1748
33960,3579.1748
33961,3579.1748
33962,3579.1748
33963,3657.9924
33964,3657.9924
33965,3657.9924
33966,3657.9924
33967,3623.0168
33968,3332.4272
33969,3332.4272
33970,3332.4272
33971,2441.7815
33972,2441.7815
33973,2441.7815
33974,2441.7815
33975,2778.3684
33976,3072.3508
33977,3072.3508
33978,3072.3508
33979,3074.2332
33980,2979.85
33981,2979.85
33982,2979.85
33983,3201.8457
33984,3201.8457
33985,3201.8457
33986,3201.8457
33987,2830.7266
33988,2830.7266
33989,2830.7266
33990,2830.7266
33991,3105.021
33992,3105.021
33993,3105.021
33994,3105.021
33995,3105.021
33996,3105.021
33997,3105.021
33998,3105.021
33999,3105.021
34000,3105.021
34001,3105.021
34002,3105.021
34003,3105.021
34004,3105.021
34005,3105.021
34006,3105.021
34007,3105.021
34008,3105.021
34009,3105.021
34010,3105.021
34011,3290.712
34012,3290.712
34013,3290.712
34014,3290.712
34015,6156.52
34016,6156.52
34017,6156.52
34018,6156.52
34019,3466.9048
34020,3492.1577
34021,3492.1577
34022,3492.1577
34023,3431.8696
34024,3568.3684
34025,3568.3684
34026,3568.3684
34027,3568.3684
34028,3568.3684
34029,3568.3684
34030,3568.3684
34031,2878.057
34032,2253.6436
34033,2253.6436
34034,2253.6436
34035,4919.2656
34036,4919.2656
34037,4919.2656
34038,4919.2656
34039,3260.5625
34040,3260.5625
34041,3260.5625
34042,3260.5625
34043,3289.6357
34044,3289.6357
34045,3289.6357
34046,3289.6357
34047,3263.438
34048,3263.438
34049,3263.438
34050,3263.438
34051,2850.155
34052,3015.2427
34053,3015.2427
34054,3015.2427
34055,3600.286
34056,3600.286
34057,3600.286
34058,3600.286
34059,3657.9924
34060,3657.9924
34061,3657.9924
34062,3657.9924
34063,3623.0168
34064,3332.4272
34065,3332.4272
34066,3332.4272
34067,2441.7815
34068,2441.7815
34069,2441.7815
34070,2441.7815
34071,2778.3684
34072,3072.3508
34073,3072.3508
34074,3072.3508
34075,3074.2332
34076,2979.85
34077,2979.85
34078,2979.85
34079,3201.8457
34080,3090.7231
34081,3090.7231
34082,3090.7231
34083,2719.604
34084,2719.604
34085,2719.604
34086,2719.604
34087,2993.8984
34088,2993.8984
34089,2993.8984
34090,2993.8984
34091,2993.8984
34092,2993.8984
34093,2993.8984
34094,2993.8984
34095,2993.8984
34096,2993.8984
34097,2993.8984
34098,2993.8984
34099,2993.8984
34100,2993.8984
34101,2993.8984
34102,2993.8984
34103,2993.8984
34104,2993.8984
34105,2993.8984
34106,2993.8984
34107,3179.5894
34108,3179.5894
34109,3179.5894
34110,3179.5894
34111,5762.367
34112,5762.367
34113,5762.367
34114,5762.367
34115,3387.0854
34116,3387.0854
34117,3387.0854
34118,3387.0854
34119,3317.9102
34120,3317.9102
34121,3317.9102
34122,3317.9102
34123,3317.9102
34124,3317.9102
34125,3317.9102
34126,3317.9102
34127,2726.948
34128,2726.948
34129,2726.948
34130,2726.948
34131,5056.5776
34132,5056.5776
34133,5056.5776
34134,5056.5776
34135,3391.8425
34136,3391.8425
34137,3391.8425
34138,3391.8425
34139,3420.9158
34140,3420.9158
34141,3420.9158
34142,3420.9158
34143,3265.971
34144,3265.971
34145,3265.971
34146,3265.971
34147,2386.0051
34148,2386.0051
34149,2386.0051
34150,2386.0051
34151,3324.576
34152,3324.576
34153,3324.576
34154,3324.576
34155,3376.1033
34156,3376.1033
34157,3376.1033
34158,3376.1033
34159,3335.4675
34160,3335.4675
34161,3335.4675
34162,3335.4675
34163,2457.033
34164,2457.033
34165,2457.033
34166,2457.033
34167,2814.7192
34168,2814.7192
34169,2814.7192
34170,2814.7192
34171,2816.601
34172,2816.601
34173,2816.601
34174,2816.601
34175,3090.7231
34176,3030.4214
34177,3030.4214
34178,3030.4214
34179,2659.3022
34180,2659.3022
34181,2659.3022
34182,2659.3022
34183,3106.7026
34184,3106.7026
34185,3106.7026
34186,3106.7026
34187,3106.7026
34188,3106.7026
34189,3106.7026
34190,3106.7026
34191,3106.7026
34192,3106.7026
34193,3106.7026
34194,3106.7026
34195,3106.7026
34196,3106.7026
34197,3106.7026
34198,3106.7026
34199,3106.7026
34200,3106.7026
34201,3106.7026
34202,3106.7026
34203,3078.6914
34204,3078.6914
34205,3078.6914
34206,3078.6914
34207,6022.024
34208,6022.024
34209,6022.024
34210,6022.024
34211,3462.1338
34212,3462.1338
34213,3462.1338
34214,3462.1338
34215,3392.9585
34216,3392.9585
34217,3392.9585
34218,3392.9585
34219,3392.9585
34220,3392.9585
34221,3392.9585
34222,3392.9585
34223,2792.6985
34224,2792.6985
34225,2792.6985
34226,2792.6985
34227,5152.83
34228,5152.83
34229,5152.83
34230,5152.83
34231,3462.6853
34232,3462.6853
34233,3462.6853
34234,3462.6853
34235,3489.0803
34236,3489.0803
34237,3489.0803
34238,3489.0803
34239,3330.7356
34240,3330.7356
34241,3330.7356
34242,3330.7356
34243,2922.944
34244,2922.944
34245,2922.944
34246,2922.944
34247,3475.0886
34248,3475.0886
34249,3475.0886
34250,3475.0886
34251,3536.195
34252,3536.195
34253,3536.195
34254,3536.195
34255,3524.509
34256,3524.509
34257,3524.509
34258,3524.509
34259,2649.7317
34260,2649.7317
34261,2649.7317
34262,2649.7317
34263,3000.8623
34264,3000.8623
34265,3000.8623
34266,3000.8623
34267,3002.7441
34268,3002.7441
34269,3002.7441
34270,3002.7441
34271,3030.4214
34272,3218.5085
34273,3218.5085
34274,3218.5085
34275,2847.389
34276,2847.389
34277,2847.389
34278,2847.389
34279,3296.7126
34280,3296.7126
34281,3296.7126
34282,3296.7126
34283,3296.7126
34284,3296.7126
34285,3296.7126
34286,3296.7126
34287,3296.7126
34288,3296.7126
34289,3296.7126
34290,3296.7126
34291,3296.7126
34292,3296.7126
34293,3296.7126
34294,3296.7126
34295,3296.7126
34296,3296.7126
34297,3296.7126
34298,3296.7126
34299,3346.8875
34300,3346.8875
34301,3346.8875
34302,3346.8875
34303,6201.5054
34304,6201.5054
34305,6201.5054
34306,6201.5054
34307,3468.978
34308,3494.2312
34309,3494.2312
34310,3494.2312
34311,3433.943
34312,3570.442
34313,3570.442
34314,3570.442
34315,3570.442
34316,3570.442
34317,3570.442
34318,3570.442
34319,2883.5303
34320,2259.117
34321,2259.117
34322,2259.117
34323,4924.738
34324,4924.738
34325,4924.738
34326,4924.738
34327,3259.6824
34328,3259.6824
34329,3259.6824
34330,3259.6824
34331,3286.078
34332,3286.078
34333,3286.078
34334,3286.078
34335,3256.48
34336,3256.48
34337,3256.48
34338,3256.48
34339,2843.197
34340,3008.2847
34341,3008.2847
34342,3008.2847
34343,3593.328
34344,3593.328
34345,3593.328
34346,3593.328
34347,3647.831
34348,3647.831
34349,3647.831
34350,3647.831
34351,3612.856
34352,3322.2664
34353,3322.2664
34354,3322.2664
34355,2443.13
34356,2443.13
34357,2443.13
34358,2443.13
34359,2801.2625
34360,3095.2449
34361,3095.2449
34362,3095.2449
34363,3097.1272
34364,3002.7441
34365,3002.7441
34366,3002.7441
34367,3218.5085
34368,3218.5085
34369,3218.5085
34370,3218.5085
34371,2847.389
34372,2847.389
34373,2847.389
34374,2847.389
34375,3296.7126
34376,3296.7126
34377,3296.7126
34378,3296.7126
34379,3296.7126
34380,3296.7126
34381,3296.7126
34382,3296.7126
34383,3296.7126
34384,3296.7126
34385,3296.7126
34386,3296.7126
34387,3296.7126
34388,3296.7126
34389,3296.7126
34390,3296.7126
34391,3296.7126
34392,3296.7126
34393,3296.7126
34394,3296.7126
34395,3346.8875
34396,3346.8875
34397,3346.8875
34398,3346.8875
34399,6201.5054
34400,6201.5054
34401,6201.5054
34402,6201.5054
34403,3468.978
34404,3468.978
34405,3468.978
34406,3468.978
34407,3399.8027
34408,3399.8027
34409,3399.8027
34410,3399.8027
34411,3399.8027
34412,3399.8027
34413,3399.8027
34414,3399.8027
34415,2799.5427
34416,2799.5427
34417,2799.5427
34418,2799.5427
34419,5159.675
34420,5159.675
34421,5159.675
34422,5159.675
34423,3469.5295
34424,3469.5295
34425,3469.5295
34426,3469.5295
34427,3495.9246
34428,3495.9246
34429,3495.9246
34430,3495.9246
34431,3337.5798
34432,3337.5798
34433,3337.5798
34434,3337.5798
34435,2924.2966
34436,2924.2966
34437,2924.2966
34438,2924.2966
34439,3509.34
34440,3509.34
34441,3509.34
34442,3509.34
34443,3563.8435
34444,3563.8435
34445,3563.8435
34446,3563.8435
34447,3528.868
34448,3528.868
34449,3528.868
34450,3528.868
34451,2649.7317
34452,2649.7317
34453,2649.7317
34454,2649.7317
34455,3000.8623
34456,3000.8623
34457,3000.8623
34458,3000.8623
34459,3002.7441
34460,3002.7441
34461,3002.7441
34462,3002.7441
34463,3218.5085
34464,3380.687
34465,3380.687
34466,3380.687
34467,3009.5679
34468,3009.5679
34469,3009.5679
34470,3009.5679
34471,3458.891
34472,3458.891
34473,3458.891
34474,3458.891
34475,3458.891
34476,3458.891
34477,3458.891
34478,3458.891
34479,3458.891
34480,3458.891
34481,3458.891
34482,3458.891
34483,3458.891
34484,3458.891
34485,3458.891
34486,3458.891
34487,3458.891
34488,3458.891
34489,3458.891
34490,3458.891
34491,3509.0664
34492,3509.0664
34493,3509.0664
34494,3509.0664
34495,6196.0327
34496,6196.0327
34497,6196.0327
34498,6196.0327
34499,3463.505
34500,3488.7578
34501,3488.7578
34502,3488.7578
34503,3428.4697
34504,3564.9685
34505,3564.9685
34506,3564.9685
34507,3564.9685
34508,3564.9685
34509,3564.9685
34510,3564.9685
34511,2878.057
34512,2253.6436
34513,2253.6436
34514,2253.6436
34515,4919.2656
34516,4919.2656
34517,4919.2656
34518,4919.2656
34519,3254.209
34520,3254.209
34521,3254.209
34522,3254.209
34523,3280.6045
34524,3280.6045
34525,3280.6045
34526,3280.6045
34527,3251.0066
34528,3251.0066
34529,3251.0066
34530,3251.0066
34531,2837.7236
34532,3002.8113
34533,3002.8113
34534,3002.8113
34535,3587.8545
34536,3587.8545
34537,3587.8545
34538,3587.8545
34539,3648.9607
34540,3648.9607
34541,3648.9607
34542,3648.9607
34543,3613.9856
34544,3323.396
34545,3323.396
34546,3323.396
34547,2439.1038
34548,2439.1038
34549,2439.1038
34550,2439.1038
34551,2775.6907
34552,3069.673
34553,3069.673
34554,3069.673
34555,3071.555
34556,2977.1724
34557,2977.1724
34558,2977.1724
34559,3380.687
34560,3369.498
34561,3369.498
34562,3369.498
34563,2998.3784
34564,2998.3784
34565,2998.3784
34566,2998.3784
34567,3447.7021
34568,3447.7021
34569,3447.7021
34570,3447.7021
34571,3447.7021
34572,3447.7021
34573,3447.7021
34574,3447.7021
34575,3447.7021
34576,3447.7021
34577,3447.7021
34578,3447.7021
34579,3447.7021
34580,3447.7021
34581,3447.7021
34582,3447.7021
34583,3447.7021
34584,3447.7021
34585,3447.7021
34586,3447.7021
34587,3497.877
34588,3497.877
34589,3497.877
34590,3497.877
34591,6196.0327
34592,6196.0327
34593,6196.0327
34594,6196.0327
34595,3463.505
34596,3488.7578
34597,3488.7578
34598,3488.7578
34599,3428.4697
34600,3564.9685
34601,3564.9685
34602,3564.9685
34603,3564.9685
34604,3564.9685
34605,3564.9685
34606,3564.9685
34607,2878.057
34608,2253.6436
34609,2253.6436
34610,2253.6436
34611,4919.2656
34612,4919.2656
34613,4919.2656
34614,4919.2656
34615,3260.5625
34616,3260.5625
34617,3260.5625
34618,3260.5625
34619,3289.6357
34620,3289.6357
34621,3289.6357
34622,3289.6357
34623,3260.038
34624,3260.038
34625,3260.038
34626,3260.038
34627,2846.7551
34628,3011.8428
34629,3011.8428
34630,3011.8428
34631,3596.886
34632,3596.886
34633,3596.886
34634,3596.886
34635,3657.9924
34636,3657.9924
34637,3657.9924
34638,3657.9924
34639,3623.0168
34640,3332.4272
34641,3332.4272
34642,3332.4272
34643,2441.7815
34644,2441.7815
34645,2441.7815
34646,2441.7815
34647,2778.3684
34648,3072.3508
34649,3072.3508
34650,3072.3508
34651,3074.2332
34652,2979.85
34653,2979.85
34654,2979.85
34655,3369.498
34656,3369.498
34657,3369.498
34658,3369.498
34659,2998.3784
34660,2998.3784
34661,2998.3784
34662,2998.3784
34663,3272.6733
34664,3272.6733
34665,3272.6733
34666,3272.6733
34667,3272.6733
34668,3272.6733
34669,3272.6733
34670,3272.6733
34671,3272.6733
34672,3272.6733
34673,3272.6733
34674,3272.6733
34675,3272.6733
34676,3272.6733
34677,3272.6733
34678,3272.6733
34679,3272.6733
34680,3272.6733
34681,3272.6733
34682,3272.6733
34683,3458.3638
34684,3458.3638
34685,3458.3638
34686,3458.3638
34687,6156.52
34688,6156.52
34689,6156.52
34690,6156.52
34691,3466.9048
34692,3492.1577
34693,3492.1577
34694,3492.1577
34695,3431.8696
34696,3568.3684
34697,3568.3684
34698,3568.3684
34699,3568.3684
34700,3568.3684
34701,3568.3684
34702,3568.3684
34703,2878.057
34704,2253.6436
34705,2253.6436
34706,2253.6436
34707,4919.2656
34708,4919.2656
34709,4919.2656
34710,4919.2656
34711,3260.5625
34712,3260.5625
34713,3260.5625
34714,3260.5625
34715,3289.6357
34716,3289.6357
34717,3289.6357
34718,3289.6357
34719,3263.438
34720,3263.438
34721,3263.438
34722,3263.438
34723,2850.155
34724,3015.2427
34725,3015.2427
34726,3015.2427
34727,3600.286
34728,3600.286
34729,3600.286
34730,3600.286
34731,3657.9924
34732,3657.9924
34733,3657.9924
34734,3657.9924
34735,3623.0168
34736,3332.4272
34737,3332.4272
34738,3332.4272
34739,2441.7815
34740,2441.7815
34741,2441.7815
34742,2441.7815
34743,2778.3684
34744,3072.3508
34745,3072.3508
34746,3072.3508
34747,3074.2332
34748,2979.85
34749,2979.85
34750,2979.85
34751,3369.498
34752,2935.9812
34753,2935.9812
34754,2935.9812
34755,2564.8616
34756,2564.8616
34757,2564.8616
34758,2564.8616
34759,2839.1565
34760,2839.1565
34761,2839.1565
34762,2839.1565
34763,2839.1565
34764,2839.1565
34765,2839.1565
34766,2839.1565
34767,2839.1565
34768,2839.1565
34769,2839.1565
34770,2839.1565
34771,2839.1565
34772,2839.1565
34773,2839.1565
34774,2839.1565
34775,2839.1565
34776,2839.1565
34777,2839.1565
34778,2839.1565
34779,3196.4387
34780,3196.4387
34781,3196.4387
34782,3196.4387
34783,5761.895
34784,5761.895
34785,5761.895
34786,5761.895
34787,3386.6135
34788,3386.6135
34789,3386.6135
34790,3386.6135
34791,3317.4382
34792,3317.4382
34793,3317.4382
34794,3317.4382
34795,3317.4382
34796,3317.4382
34797,3317.4382
34798,3317.4382
34799,2726.476
34800,2726.476
34801,2726.476
34802,2726.476
34803,5056.1055
34804,5056.1055
34805,5056.1055
34806,5056.1055
34807,3391.3706
34808,3391.3706
34809,3391.3706
34810,3391.3706
34811,3420.4438
34812,3420.4438
34813,3420.4438
34814,3420.4438
34815,3265.499
34816,3265.499
34817,3265.499
34818,3265.499
34819,2385.5332
34820,2385.5332
34821,2385.5332
34822,2385.5332
34823,3324.104
34824,3324.104
34825,3324.104
34826,3324.104
34827,3375.6313
34828,3375.6313
34829,3375.6313
34830,3375.6313
34831,3334.9956
34832,3334.9956
34833,3334.9956
34834,3334.9956
34835,2456.561
34836,2456.561
34837,2456.561
34838,2456.561
34839,2814.2473
34840,2814.2473
34841,2814.2473
34842,2814.2473
34843,2816.1292
34844,2816.1292
34845,2816.1292
34846,2816.1292
34847,2935.9812
34848,3030.2913
34849,3030.2913
34850,3030.2913
34851,2504.5598
34852,2504.5598
34853,2504.5598
34854,2504.5598
34855,2951.9602
34856,2951.9602
34857,2951.9602
34858,2951.9602
34859,2951.9602
34860,2951.9602
34861,2951.9602
34862,2951.9602
34863,2951.9602
34864,2951.9602
34865,2951.9602
34866,2951.9602
34867,2951.9602
34868,2951.9602
34869,2951.9602
34870,2951.9602
34871,2951.9602
34872,2951.9602
34873,2951.9602
34874,2951.9602
34875,3095.5408
34876,3095.5408
34877,3095.5408
34878,3095.5408
34879,6021.552
34880,6021.552
34881,6021.552
34882,6021.552
34883,3461.6619
34884,3461.6619
34885,3461.6619
34886,3461.6619
34887,3392.4866
34888,3392.4866
34889,3392.4866
34890,3392.4866
34891,3392.4866
34892,3392.4866
34893,3392.4866
34894,3392.4866
34895,2792.2266
34896,2792.2266
34897,2792.2266
34898,2792.2266
34899,5152.358
34900,5152.358
34901,5152.358
34902,5152.358
34903,3462.2134
34904,3462.2134
34905,3462.2134
34906,3462.2134
34907,3488.6084
34908,3488.6084
34909,3488.6084
34910,3488.6084
34911,3330.2637
34912,3330.2637
34913,3330.2637
34914,3330.2637
34915,2922.4722
34916,2922.4722
34917,2922.4722
34918,2922.4722
34919,3474.6167
34920,3474.6167
34921,3474.6167
34922,3474.6167
34923,3535.7231
34924,3535.7231
34925,3535.7231
34926,3535.7231
34927,3524.037
34928,3524.037
34929,3524.037
34930,3524.037
34931,2649.2598
34932,2649.2598
34933,2649.2598
34934,2649.2598
34935,3000.3904
34936,3000.3904
34937,3000.3904
34938,3000.3904
34939,3002.2722
34940,3002.2722
34941,3002.2722
34942,3002.2722
34943,3030.2913
34944,3218.378
34945,3218.378
34946,3218.378
34947,2692.647
34948,2692.647
34949,2692.647
34950,2692.647
34951,3141.9702
34952,3141.9702
34953,3141.9702
34954,3141.9702
34955,3141.9702
34956,3141.9702
34957,3141.9702
34958,3141.9702
34959,3141.9702
34960,3141.9702
34961,3141.9702
34962,3141.9702
34963,3141.9702
34964,3141.9702
34965,3141.9702
34966,3141.9702
34967,3141.9702
34968,3141.9702
34969,3141.9702
34970,3141.9702
34971,3363.7368
34972,3363.7368
34973,3363.7368
34974,3363.7368
34975,6201.033
34976,6201.033
34977,6201.033
34978,6201.033
34979,3761.4626
34980,3761.4626
34981,3761.4626
34982,3761.4626
34983,3692.2874
34984,3692.2874
34985,3692.2874
34986,3692.2874
34987,3692.2874
34988,3692.2874
34989,3692.2874
34990,3692.2874
34991,3092.0269
34992,3092.0269
34993,3092.0269
34994,3092.0269
34995,5452.1587
34996,5452.1587
34997,5452.1587
34998,5452.1587
34999,3762.0137
35000,3762.0137
35001,3762.0137
35002,3762.0137
35003,3788.4092
35004,3788.4092
35005,3788.4092
35006,3788.4092
35007,3630.0642
35008,3630.0642
35009,3630.0642
35010,3630.0642
35011,3216.7812
35012,3216.7812
35013,3216.7812
35014,3216.7812
35015,3801.8245
35016,3801.8245
35017,3801.8245
35018,3801.8245
35019,3856.3276
35020,3856.3276
35021,3856.3276
35022,3856.3276
35023,3821.3525
35024,3821.3525
35025,3821.3525
35026,3821.3525
35027,2942.216
35028,2942.216
35029,2942.216
35030,2942.216
35031,3293.3464
35032,3293.3464
35033,3293.3464
35034,3293.3464
35035,3295.2288
35036,3295.2288
35037,3295.2288
35038,3295.2288
35039,3218.378
