id,?덉륫 ?꾧린?붽툑(??
2024-12-01 0:15,1293.745798
2024-12-01 0:30,1284.875925
2024-12-01 0:45,1292.858081
2024-12-01 1:00,1294.270329
2024-12-01 1:15,1293.78398
2024-12-01 1:30,1284.914107
2024-12-01 1:45,1292.896264
2024-12-01 2:00,1292.743504
2024-12-01 2:15,1292.257154
2024-12-01 2:30,1283.387282
2024-12-01 2:45,1291.369438
2024-12-01 3:00,1291.908567
2024-12-01 3:15,1291.422217
2024-12-01 3:30,1282.552345
2024-12-01 3:45,1290.534501
2024-12-01 4:00,1292.743504
2024-12-01 4:15,1292.257154
2024-12-01 4:30,1283.387282
2024-12-01 4:45,1291.369438
2024-12-01 5:00,1291.908567
2024-12-01 5:15,1291.422217
2024-12-01 5:30,1282.552345
2024-12-01 5:45,1290.534501
2024-12-01 6:00,1291.980185
2024-12-01 6:15,1291.493836
2024-12-01 6:30,1282.623963
2024-12-01 6:45,1290.606119
2024-12-01 7:00,1292.030399
2024-12-01 7:15,1291.544049
2024-12-01 7:30,1282.674176
2024-12-01 7:45,1290.656333
2024-12-01 8:00,1318.303331
2024-12-01 8:15,1317.816982
2024-12-01 8:30,1308.947109
2024-12-01 8:45,1316.929266
2024-12-01 9:00,1322.989879
2024-12-01 9:15,1323.156876
2024-12-01 9:30,1314.287004
2024-12-01 9:45,1322.26916
2024-12-01 10:00,1323.643226
2024-12-01 10:15,1326.958073
2024-12-01 10:30,1318.0882
2024-12-01 10:45,1326.070357
2024-12-01 11:00,1320.589786
2024-12-01 11:15,1320.103436
2024-12-01 11:30,1311.233564
2024-12-01 11:45,1319.21572
2024-12-01 12:00,1322.739771
2024-12-01 12:15,1318.452224
2024-12-01 12:30,1309.582352
2024-12-01 12:45,1317.564508
2024-12-01 13:00,1318.000571
2024-12-01 13:15,1317.514222
2024-12-01 13:30,1308.644349
2024-12-01 13:45,1316.626506
2024-12-01 14:00,1320.963204
2024-12-01 14:15,1320.476854
2024-12-01 14:30,1311.606982
2024-12-01 14:45,1319.589138
2024-12-01 15:00,1320.963204
2024-12-01 15:15,1320.476854
2024-12-01 15:30,1311.606982
2024-12-01 15:45,1319.589138
2024-12-01 16:00,1324.009518
2024-12-01 16:15,1323.523169
2024-12-01 16:30,1314.653296
2024-12-01 16:45,1322.635452
2024-12-01 17:00,1325.139737
2024-12-01 17:15,1328.454584
2024-12-01 17:30,1319.584712
2024-12-01 17:45,1327.566868
2024-12-01 18:00,1331.8564
2024-12-01 18:15,1331.37005
2024-12-01 18:30,1322.500177
2024-12-01 18:45,1330.482334
2024-12-01 19:00,1323.76373
2024-12-01 19:15,1323.277381
2024-12-01 19:30,1314.407508
2024-12-01 19:45,1322.389665
2024-12-01 20:00,1323.76373
2024-12-01 20:15,1319.476184
2024-12-01 20:30,1310.606312
2024-12-01 20:45,1318.588468
2024-12-01 21:00,1320.828918
2024-12-01 21:15,1320.342569
2024-12-01 21:30,1311.472696
2024-12-01 21:45,1319.454853
2024-12-01 22:00,1294.192418
2024-12-01 22:15,1297.507264
2024-12-01 22:30,1288.637392
2024-12-01 22:45,1296.619548
2024-12-01 23:00,1297.993614
2024-12-01 23:15,1293.052721
2024-12-01 23:30,1284.182849
2024-12-01 23:45,1292.165005
2024-12-01 0:00,1294.232147
2024-12-02 0:15,1291.43614
2024-12-02 0:30,1282.566268
2024-12-02 0:45,1290.548424
2024-12-02 1:00,1291.960672
2024-12-02 1:15,1291.474323
2024-12-02 1:30,1282.60445
2024-12-02 1:45,1290.586606
2024-12-02 2:00,1290.433847
2024-12-02 2:15,1289.947497
2024-12-02 2:30,1281.077624
2024-12-02 2:45,1289.059781
2024-12-02 3:00,1289.59891
2024-12-02 3:15,1289.11256
2024-12-02 3:30,1280.242688
2024-12-02 3:45,1288.224844
2024-12-02 4:00,1290.433847
2024-12-02 4:15,1289.947497
2024-12-02 4:30,1281.077624
2024-12-02 4:45,1289.059781
2024-12-02 5:00,1289.59891
2024-12-02 5:15,1289.11256
2024-12-02 5:30,1280.242688
2024-12-02 5:45,1288.224844
2024-12-02 6:00,1289.670528
2024-12-02 6:15,1289.184178
2024-12-02 6:30,1280.314306
2024-12-02 6:45,1288.296462
2024-12-02 7:00,1289.720742
2024-12-02 7:15,1289.234392
2024-12-02 7:30,1280.364519
2024-12-02 7:45,1288.346676
2024-12-02 8:00,1315.993674
2024-12-02 8:15,1315.507325
2024-12-02 8:30,1306.637452
2024-12-02 8:45,1314.619608
2024-12-02 9:00,1320.680222
2024-12-02 9:15,1320.193872
2024-12-02 9:30,1311.324
2024-12-02 9:45,1319.306156
2024-12-02 10:00,1320.680222
2024-12-02 10:15,1320.193872
2024-12-02 10:30,1311.324
2024-12-02 10:45,1319.306156
2024-12-02 11:00,1313.825586
2024-12-02 11:15,1313.339236
2024-12-02 11:30,1304.469364
2024-12-02 11:45,1312.45152
2024-12-02 12:00,1315.97557
2024-12-02 12:15,1315.489221
2024-12-02 12:30,1306.619348
2024-12-02 12:45,1314.601505
2024-12-02 13:00,1315.037568
2024-12-02 13:15,1314.551218
2024-12-02 13:30,1305.681346
2024-12-02 13:45,1313.663502
2024-12-02 14:00,1318.0002
2024-12-02 14:15,1317.51385
2024-12-02 14:30,1308.643978
2024-12-02 14:45,1316.626134
2024-12-02 15:00,1318.0002
2024-12-02 15:15,1317.51385
2024-12-02 15:30,1308.643978
2024-12-02 15:45,1316.626134
2024-12-02 16:00,1321.046515
2024-12-02 16:15,1320.560165
2024-12-02 16:30,1311.690292
2024-12-02 16:45,1319.672449
2024-12-02 17:00,1322.176734
2024-12-02 17:15,1321.690384
2024-12-02 17:30,1312.820511
2024-12-02 17:45,1320.802668
2024-12-02 18:00,1325.092199
2024-12-02 18:15,1324.60585
2024-12-02 18:30,1315.735977
2024-12-02 18:45,1323.718134
2024-12-02 19:00,1316.99953
2024-12-02 19:15,1316.513181
2024-12-02 19:30,1307.643308
2024-12-02 19:45,1315.625464
2024-12-02 20:00,1316.99953
2024-12-02 20:15,1316.513181
2024-12-02 20:30,1307.643308
2024-12-02 20:45,1315.625464
2024-12-02 21:00,1317.865915
2024-12-02 21:15,1317.379565
2024-12-02 21:30,1308.509692
2024-12-02 21:45,1316.491849
2024-12-02 22:00,1291.229414
2024-12-02 22:15,1290.743064
2024-12-02 22:30,1281.873192
2024-12-02 22:45,1289.855348
2024-12-02 23:00,1291.229414
2024-12-02 23:15,1290.743064
2024-12-02 23:30,1281.873192
2024-12-02 23:45,1289.855348
2024-12-02 0:00,1291.92249
2024-12-03 0:15,1291.938923
2024-12-03 0:30,1283.06905
2024-12-03 0:45,1291.051207
2024-12-03 1:00,1292.463455
2024-12-03 1:15,1291.977105
2024-12-03 1:30,1283.107233
2024-12-03 1:45,1291.089389
2024-12-03 2:00,1290.936629
2024-12-03 2:15,1290.45028
2024-12-03 2:30,1281.580407
2024-12-03 2:45,1289.562563
2024-12-03 3:00,1290.101693
2024-12-03 3:15,1289.615343
2024-12-03 3:30,1280.74547
2024-12-03 3:45,1288.727627
2024-12-03 4:00,1290.936629
2024-12-03 4:15,1290.45028
2024-12-03 4:30,1281.580407
2024-12-03 4:45,1289.562563
2024-12-03 5:00,1290.101693
2024-12-03 5:15,1289.615343
2024-12-03 5:30,1280.74547
2024-12-03 5:45,1288.727627
2024-12-03 6:00,1290.173311
2024-12-03 6:15,1289.686961
2024-12-03 6:30,1280.817088
2024-12-03 6:45,1288.799245
2024-12-03 7:00,1290.223524
2024-12-03 7:15,1289.737174
2024-12-03 7:30,1280.867302
2024-12-03 7:45,1288.849458
2024-12-03 8:00,1316.496457
2024-12-03 8:15,1316.010107
2024-12-03 8:30,1307.140235
2024-12-03 8:45,1315.122391
2024-12-03 9:00,1321.183005
2024-12-03 9:15,1321.350002
2024-12-03 9:30,1312.480129
2024-12-03 9:45,1320.462285
2024-12-03 10:00,1321.836351
2024-12-03 10:15,1325.151198
2024-12-03 10:30,1316.281326
2024-12-03 10:45,1324.263482
2024-12-03 11:00,1318.782912
2024-12-03 11:15,1318.296562
2024-12-03 11:30,1309.426689
2024-12-03 11:45,1317.408846
2024-12-03 12:00,1320.932896
2024-12-03 12:15,1316.64535
2024-12-03 12:30,1307.775477
2024-12-03 12:45,1315.757634
2024-12-03 13:00,1316.193697
2024-12-03 13:15,1315.707347
2024-12-03 13:30,1306.837475
2024-12-03 13:45,1314.819631
2024-12-03 14:00,1319.156329
2024-12-03 14:15,1318.66998
2024-12-03 14:30,1309.800107
2024-12-03 14:45,1317.782263
2024-12-03 15:00,1319.156329
2024-12-03 15:15,1318.66998
2024-12-03 15:30,1309.800107
2024-12-03 15:45,1317.782263
2024-12-03 16:00,1322.202644
2024-12-03 16:15,1321.716294
2024-12-03 16:30,1312.846422
2024-12-03 16:45,1320.828578
2024-12-03 17:00,1323.332863
2024-12-03 17:15,1326.64771
2024-12-03 17:30,1317.777837
2024-12-03 17:45,1325.759993
2024-12-03 18:00,1330.049525
2024-12-03 18:15,1329.563175
2024-12-03 18:30,1320.693303
2024-12-03 18:45,1328.675459
2024-12-03 19:00,1321.956856
2024-12-03 19:15,1321.470506
2024-12-03 19:30,1312.600634
2024-12-03 19:45,1320.58279
2024-12-03 20:00,1321.956856
2024-12-03 20:15,1317.66931
2024-12-03 20:30,1308.799437
2024-12-03 20:45,1316.781594
2024-12-03 21:00,1319.022044
2024-12-03 21:15,1318.535694
2024-12-03 21:30,1309.665822
2024-12-03 21:45,1317.647978
2024-12-03 22:00,1292.385543
2024-12-03 22:15,1295.70039
2024-12-03 22:30,1286.830517
2024-12-03 22:45,1294.812674
2024-12-03 23:00,1296.18674
2024-12-03 23:15,1291.245847
2024-12-03 23:30,1282.375974
2024-12-03 23:45,1290.358131
2024-12-03 0:00,1292.425273
2024-12-04 0:15,1291.27975
2024-12-04 0:30,1282.409878
2024-12-04 0:45,1290.392034
2024-12-04 1:00,1291.804282
2024-12-04 1:15,1291.317932
2024-12-04 1:30,1282.44806
2024-12-04 1:45,1290.430216
2024-12-04 2:00,1290.277456
2024-12-04 2:15,1289.791107
2024-12-04 2:30,1280.921234
2024-12-04 2:45,1288.903391
2024-12-04 3:00,1289.44252
2024-12-04 3:15,1288.95617
2024-12-04 3:30,1280.086298
2024-12-04 3:45,1288.068454
2024-12-04 4:00,1290.277456
2024-12-04 4:15,1289.791107
2024-12-04 4:30,1280.921234
2024-12-04 4:45,1288.903391
2024-12-04 5:00,1289.44252
2024-12-04 5:15,1288.95617
2024-12-04 5:30,1280.086298
2024-12-04 5:45,1288.068454
2024-12-04 6:00,1289.514138
2024-12-04 6:15,1289.027788
2024-12-04 6:30,1280.157916
2024-12-04 6:45,1288.140072
2024-12-04 7:00,1289.564351
2024-12-04 7:15,1289.078002
2024-12-04 7:30,1280.208129
2024-12-04 7:45,1288.190286
2024-12-04 8:00,1315.837284
2024-12-04 8:15,1315.350934
2024-12-04 8:30,1306.481062
2024-12-04 8:45,1314.463218
2024-12-04 9:00,1320.523832
2024-12-04 9:15,1320.690829
2024-12-04 9:30,1311.820956
2024-12-04 9:45,1319.803113
2024-12-04 10:00,1321.177179
2024-12-04 10:15,1324.492025
2024-12-04 10:30,1315.622153
2024-12-04 10:45,1323.604309
2024-12-04 11:00,1318.123739
2024-12-04 11:15,1317.637389
2024-12-04 11:30,1308.767517
2024-12-04 11:45,1316.749673
2024-12-04 12:00,1320.273723
2024-12-04 12:15,1315.986177
2024-12-04 12:30,1307.116305
2024-12-04 12:45,1315.098461
2024-12-04 13:00,1315.534524
2024-12-04 13:15,1315.048175
2024-12-04 13:30,1306.178302
2024-12-04 13:45,1314.160458
2024-12-04 14:00,1318.497156
2024-12-04 14:15,1318.010807
2024-12-04 14:30,1309.140934
2024-12-04 14:45,1317.123091
2024-12-04 15:00,1318.497156
2024-12-04 15:15,1318.010807
2024-12-04 15:30,1309.140934
2024-12-04 15:45,1317.123091
2024-12-04 16:00,1321.543471
2024-12-04 16:15,1321.057121
2024-12-04 16:30,1312.187249
2024-12-04 16:45,1320.169405
2024-12-04 17:00,1322.67369
2024-12-04 17:15,1325.988537
2024-12-04 17:30,1317.118664
2024-12-04 17:45,1325.100821
2024-12-04 18:00,1329.390352
2024-12-04 18:15,1328.904003
2024-12-04 18:30,1320.03413
2024-12-04 18:45,1328.016286
2024-12-04 19:00,1321.297683
2024-12-04 19:15,1320.811333
2024-12-04 19:30,1311.941461
2024-12-04 19:45,1319.923617
2024-12-04 20:00,1321.297683
2024-12-04 20:15,1317.010137
2024-12-04 20:30,1308.140264
2024-12-04 20:45,1316.122421
2024-12-04 21:00,1318.362871
2024-12-04 21:15,1317.876521
2024-12-04 21:30,1309.006649
2024-12-04 21:45,1316.988805
2024-12-04 22:00,1291.72637
2024-12-04 22:15,1295.041217
2024-12-04 22:30,1286.171345
2024-12-04 22:45,1294.153501
2024-12-04 23:00,1295.527567
2024-12-04 23:15,1290.586674
2024-12-04 23:30,1281.716802
2024-12-04 23:45,1289.698958
2024-12-04 0:00,1291.7661
2024-12-05 0:15,1291.405495
2024-12-05 0:30,1282.535623
2024-12-05 0:45,1290.517779
2024-12-05 1:00,1291.930027
2024-12-05 1:15,1291.443677
2024-12-05 1:30,1282.573805
2024-12-05 1:45,1290.555961
2024-12-05 2:00,1290.403201
2024-12-05 2:15,1289.916852
2024-12-05 2:30,1281.046979
2024-12-05 2:45,1289.029135
2024-12-05 3:00,1289.568265
2024-12-05 3:15,1289.081915
2024-12-05 3:30,1280.212042
2024-12-05 3:45,1288.194199
2024-12-05 4:00,1290.437495
2024-12-05 4:15,1289.951146
2024-12-05 4:30,1281.081273
2024-12-05 4:45,1289.06343
2024-12-05 5:00,1289.602559
2024-12-05 5:15,1289.116209
2024-12-05 5:30,1280.246337
2024-12-05 5:45,1288.228493
2024-12-05 6:00,1289.674177
2024-12-05 6:15,1289.187827
2024-12-05 6:30,1280.317955
2024-12-05 6:45,1288.300111
2024-12-05 7:00,1289.72439
2024-12-05 7:15,1289.238041
2024-12-05 7:30,1280.368168
2024-12-05 7:45,1288.350324
2024-12-05 8:00,1315.997323
2024-12-05 8:15,1315.510973
2024-12-05 8:30,1306.641101
2024-12-05 8:45,1314.623257
2024-12-05 9:00,1320.683871
2024-12-05 9:15,1320.850868
2024-12-05 9:30,1311.980995
2024-12-05 9:45,1319.963152
2024-12-05 10:00,1321.337217
2024-12-05 10:15,1324.652064
2024-12-05 10:30,1315.782192
2024-12-05 10:45,1323.764348
2024-12-05 11:00,1318.283778
2024-12-05 11:15,1317.797428
2024-12-05 11:30,1308.927556
2024-12-05 11:45,1316.909712
2024-12-05 12:00,1320.433762
2024-12-05 12:15,1316.146216
2024-12-05 12:30,1307.276344
2024-12-05 12:45,1315.2585
2024-12-05 13:00,1315.694563
2024-12-05 13:15,1315.208213
2024-12-05 13:30,1306.338341
2024-12-05 13:45,1314.320497
2024-12-05 14:00,1318.657195
2024-12-05 14:15,1318.170846
2024-12-05 14:30,1309.300973
2024-12-05 14:45,1317.28313
2024-12-05 15:00,1318.657195
2024-12-05 15:15,1318.170846
2024-12-05 15:30,1309.300973
2024-12-05 15:45,1317.28313
2024-12-05 16:00,1321.70351
2024-12-05 16:15,1321.21716
2024-12-05 16:30,1312.347288
2024-12-05 16:45,1320.329444
2024-12-05 17:00,1322.833729
2024-12-05 17:15,1326.148576
2024-12-05 17:30,1317.278703
2024-12-05 17:45,1325.26086
2024-12-05 18:00,1329.550391
2024-12-05 18:15,1329.064042
2024-12-05 18:30,1320.194169
2024-12-05 18:45,1328.176325
2024-12-05 19:00,1321.457722
2024-12-05 19:15,1320.971372
2024-12-05 19:30,1312.1015
2024-12-05 19:45,1320.083656
2024-12-05 20:00,1321.457722
2024-12-05 20:15,1317.170176
2024-12-05 20:30,1308.300303
2024-12-05 20:45,1316.28246
2024-12-05 21:00,1318.52291
2024-12-05 21:15,1318.03656
2024-12-05 21:30,1309.166688
2024-12-05 21:45,1317.148844
2024-12-05 22:00,1291.886409
2024-12-05 22:15,1295.201256
2024-12-05 22:30,1286.331384
2024-12-05 22:45,1294.31354
2024-12-05 23:00,1295.687606
2024-12-05 23:15,1290.746713
2024-12-05 23:30,1281.87684
2024-12-05 23:45,1289.858997
2024-12-05 0:00,1291.891845
2024-12-06 0:15,1291.450198
2024-12-06 0:30,1282.580325
2024-12-06 0:45,1290.562482
2024-12-06 1:00,1291.97473
2024-12-06 1:15,1291.48838
2024-12-06 1:30,1282.618508
2024-12-06 1:45,1290.600664
2024-12-06 2:00,1290.447904
2024-12-06 2:15,1289.961554
2024-12-06 2:30,1281.091682
2024-12-06 2:45,1289.073838
2024-12-06 3:00,1289.612967
2024-12-06 3:15,1289.126618
2024-12-06 3:30,1280.256745
2024-12-06 3:45,1288.238902
2024-12-06 4:00,1290.482198
2024-12-06 4:15,1289.995849
2024-12-06 4:30,1281.125976
2024-12-06 4:45,1289.108132
2024-12-06 5:00,1289.647262
2024-12-06 5:15,1289.160912
2024-12-06 5:30,1280.291039
2024-12-06 5:45,1288.273196
2024-12-06 6:00,1289.71888
2024-12-06 6:15,1289.23253
2024-12-06 6:30,1280.362657
2024-12-06 6:45,1288.344814
2024-12-06 7:00,1289.769093
2024-12-06 7:15,1289.282743
2024-12-06 7:30,1280.412871
2024-12-06 7:45,1288.395027
2024-12-06 8:00,1316.042026
2024-12-06 8:15,1315.555676
2024-12-06 8:30,1306.685804
2024-12-06 8:45,1314.66796
2024-12-06 9:00,1320.728574
2024-12-06 9:15,1320.895571
2024-12-06 9:30,1312.025698
2024-12-06 9:45,1320.007854
2024-12-06 10:00,1321.38192
2024-12-06 10:15,1324.696767
2024-12-06 10:30,1315.826895
2024-12-06 10:45,1323.809051
2024-12-06 11:00,1318.328481
2024-12-06 11:15,1317.842131
2024-12-06 11:30,1308.972258
2024-12-06 11:45,1316.954415
2024-12-06 12:00,1320.478465
2024-12-06 12:15,1316.190919
2024-12-06 12:30,1307.321046
2024-12-06 12:45,1315.303203
2024-12-06 13:00,1315.739266
2024-12-06 13:15,1315.252916
2024-12-06 13:30,1306.383044
2024-12-06 13:45,1314.3652
2024-12-06 14:00,1318.701898
2024-12-06 14:15,1318.215549
2024-12-06 14:30,1309.345676
2024-12-06 14:45,1317.327832
2024-12-06 15:00,1318.701898
2024-12-06 15:15,1318.215549
2024-12-06 15:30,1309.345676
2024-12-06 15:45,1317.327832
2024-12-06 16:00,1321.748213
2024-12-06 16:15,1321.261863
2024-12-06 16:30,1312.391991
2024-12-06 16:45,1320.374147
2024-12-06 17:00,1322.878432
2024-12-06 17:15,1326.193279
2024-12-06 17:30,1317.323406
2024-12-06 17:45,1325.305562
2024-12-06 18:00,1329.595094
2024-12-06 18:15,1329.108744
2024-12-06 18:30,1320.238872
2024-12-06 18:45,1328.221028
2024-12-06 19:00,1321.502425
2024-12-06 19:15,1321.016075
2024-12-06 19:30,1312.146203
2024-12-06 19:45,1320.128359
2024-12-06 20:00,1321.502425
2024-12-06 20:15,1317.214879
2024-12-06 20:30,1308.345006
2024-12-06 20:45,1316.327163
2024-12-06 21:00,1318.567613
2024-12-06 21:15,1318.081263
2024-12-06 21:30,1309.211391
2024-12-06 21:45,1317.193547
2024-12-06 22:00,1291.931112
2024-12-06 22:15,1295.245959
2024-12-06 22:30,1286.376086
2024-12-06 22:45,1294.358243
2024-12-06 23:00,1295.732309
2024-12-06 23:15,1290.791416
2024-12-06 23:30,1281.921543
2024-12-06 23:45,1289.9037
2024-12-06 0:00,1291.936548
2024-12-07 0:15,1288.331464
2024-12-07 0:30,1279.461592
2024-12-07 0:45,1285.281658
2024-12-07 1:00,1286.693906
2024-12-07 1:15,1288.369646
2024-12-07 1:30,1279.499774
2024-12-07 1:45,1285.31984
2024-12-07 2:00,1285.167081
2024-12-07 2:15,1286.842821
2024-12-07 2:30,1277.972948
2024-12-07 2:45,1283.793015
2024-12-07 3:00,1284.332144
2024-12-07 3:15,1286.007884
2024-12-07 3:30,1277.138012
2024-12-07 3:45,1282.958078
2024-12-07 4:00,1285.167081
2024-12-07 4:15,1286.842821
2024-12-07 4:30,1277.972948
2024-12-07 4:45,1283.793015
2024-12-07 5:00,1284.332144
2024-12-07 5:15,1286.007884
2024-12-07 5:30,1277.138012
2024-12-07 5:45,1282.958078
2024-12-07 6:00,1284.403762
2024-12-07 6:15,1286.079502
2024-12-07 6:30,1277.20963
2024-12-07 6:45,1283.029696
2024-12-07 7:00,1284.453975
2024-12-07 7:15,1286.129716
2024-12-07 7:30,1277.259843
2024-12-07 7:45,1283.07991
2024-12-07 8:00,1310.726908
2024-12-07 8:15,1312.402649
2024-12-07 8:30,1303.532776
2024-12-07 8:45,1309.352842
2024-12-07 9:00,1315.413456
2024-12-07 9:15,1317.742543
2024-12-07 9:30,1308.87267
2024-12-07 9:45,1314.692737
2024-12-07 10:00,1316.066803
2024-12-07 10:15,1321.543739
2024-12-07 10:30,1312.673867
2024-12-07 10:45,1318.493933
2024-12-07 11:00,1313.013363
2024-12-07 11:15,1314.689103
2024-12-07 11:30,1305.819231
2024-12-07 11:45,1311.639297
2024-12-07 12:00,1315.163347
2024-12-07 12:15,1313.037891
2024-12-07 12:30,1304.168019
2024-12-07 12:45,1309.988085
2024-12-07 13:00,1310.424148
2024-12-07 13:15,1312.099889
2024-12-07 13:30,1303.230016
2024-12-07 13:45,1309.050082
2024-12-07 14:00,1313.38678
2024-12-07 14:15,1315.062521
2024-12-07 14:30,1306.192648
2024-12-07 14:45,1312.012715
2024-12-07 15:00,1313.38678
2024-12-07 15:15,1315.062521
2024-12-07 15:30,1306.192648
2024-12-07 15:45,1312.012715
2024-12-07 16:00,1316.433095
2024-12-07 16:15,1318.108835
2024-12-07 16:30,1309.238963
2024-12-07 16:45,1315.059029
2024-12-07 17:00,1317.563314
2024-12-07 17:15,1323.040251
2024-12-07 17:30,1314.170378
2024-12-07 17:45,1319.990445
2024-12-07 18:00,1324.279976
2024-12-07 18:15,1325.955717
2024-12-07 18:30,1317.085844
2024-12-07 18:45,1322.905911
2024-12-07 19:00,1316.187307
2024-12-07 19:15,1317.863047
2024-12-07 19:30,1308.993175
2024-12-07 19:45,1314.813241
2024-12-07 20:00,1316.187307
2024-12-07 20:15,1314.061851
2024-12-07 20:30,1305.191978
2024-12-07 20:45,1311.012045
2024-12-07 21:00,1313.252495
2024-12-07 21:15,1314.928236
2024-12-07 21:30,1306.058363
2024-12-07 21:45,1311.878429
2024-12-07 22:00,1286.615994
2024-12-07 22:15,1292.092931
2024-12-07 22:30,1283.223059
2024-12-07 22:45,1289.043125
2024-12-07 23:00,1290.417191
2024-12-07 23:15,1287.638388
2024-12-07 23:30,1278.768516
2024-12-07 23:45,1284.588582
2024-12-07 0:00,1286.655724
2024-12-08 0:15,1286.966401
2024-12-08 0:30,1278.096529
2024-12-08 0:45,1283.916595
2024-12-08 1:00,1285.328843
2024-12-08 1:15,1287.004583
2024-12-08 1:30,1278.134711
2024-12-08 1:45,1283.954777
2024-12-08 2:00,1283.802017
2024-12-08 2:15,1285.477758
2024-12-08 2:30,1276.607885
2024-12-08 2:45,1282.427951
2024-12-08 3:00,1283.802017
2024-12-08 3:15,1285.477758
2024-12-08 3:30,1276.607885
2024-12-08 3:45,1282.427951
2024-12-08 4:00,1283.802017
2024-12-08 4:15,1285.477758
2024-12-08 4:30,1276.607885
2024-12-08 4:45,1282.427951
2024-12-08 5:00,1283.802017
2024-12-08 5:15,1285.477758
2024-12-08 5:30,1276.607885
2024-12-08 5:45,1282.427951
2024-12-08 6:00,1283.873635
2024-12-08 6:15,1285.549376
2024-12-08 6:30,1276.679503
2024-12-08 6:45,1282.49957
2024-12-08 7:00,1283.923849
2024-12-08 7:15,1285.599589
2024-12-08 7:30,1276.729717
2024-12-08 7:45,1282.549783
2024-12-08 8:00,1309.361845
2024-12-08 8:15,1311.037585
2024-12-08 8:30,1302.167713
2024-12-08 8:45,1307.987779
2024-12-08 9:00,1314.048393
2024-12-08 9:15,1316.37748
2024-12-08 9:30,1307.507607
2024-12-08 9:45,1313.327674
2024-12-08 10:00,1314.701739
2024-12-08 10:15,1320.178676
2024-12-08 10:30,1311.308804
2024-12-08 10:45,1317.12887
2024-12-08 11:00,1311.6483
2024-12-08 11:15,1313.32404
2024-12-08 11:30,1304.454167
2024-12-08 11:45,1310.274234
2024-12-08 12:00,1313.798284
2024-12-08 12:15,1311.672828
2024-12-08 12:30,1302.802955
2024-12-08 12:45,1308.623022
2024-12-08 13:00,1309.059085
2024-12-08 13:15,1310.734825
2024-12-08 13:30,1301.864953
2024-12-08 13:45,1307.685019
2024-12-08 14:00,1312.021717
2024-12-08 14:15,1313.697458
2024-12-08 14:30,1304.827585
2024-12-08 14:45,1310.647651
2024-12-08 15:00,1312.021717
2024-12-08 15:15,1313.697458
2024-12-08 15:30,1304.827585
2024-12-08 15:45,1310.647651
2024-12-08 16:00,1315.068032
2024-12-08 16:15,1316.743772
2024-12-08 16:30,1307.8739
2024-12-08 16:45,1313.693966
2024-12-08 17:00,1316.198251
2024-12-08 17:15,1321.675188
2024-12-08 17:30,1312.805315
2024-12-08 17:45,1318.625382
2024-12-08 18:00,1322.914913
2024-12-08 18:15,1324.590653
2024-12-08 18:30,1315.720781
2024-12-08 18:45,1321.540847
2024-12-08 19:00,1314.822244
2024-12-08 19:15,1316.497984
2024-12-08 19:30,1307.628112
2024-12-08 19:45,1313.448178
2024-12-08 20:00,1314.822244
2024-12-08 20:15,1312.696788
2024-12-08 20:30,1303.826915
2024-12-08 20:45,1309.646982
2024-12-08 21:00,1311.887432
2024-12-08 21:15,1313.563172
2024-12-08 21:30,1304.6933
2024-12-08 21:45,1310.513366
2024-12-08 22:00,1285.250931
2024-12-08 22:15,1290.727868
2024-12-08 22:30,1281.857995
2024-12-08 22:45,1287.678062
2024-12-08 23:00,1289.052128
2024-12-08 23:15,1286.273325
2024-12-08 23:30,1277.403452
2024-12-08 23:45,1283.223519
2024-12-08 0:00,1285.290661
2024-12-09 0:15,1289.411905
2024-12-09 0:30,1280.542032
2024-12-09 0:45,1288.524188
2024-12-09 1:00,1289.936436
2024-12-09 1:15,1289.450087
2024-12-09 1:30,1280.580214
2024-12-09 1:45,1288.562371
2024-12-09 2:00,1288.409611
2024-12-09 2:15,1287.923261
2024-12-09 2:30,1279.053388
2024-12-09 2:45,1287.035545
2024-12-09 3:00,1288.409611
2024-12-09 3:15,1287.923261
2024-12-09 3:30,1279.053388
2024-12-09 3:45,1287.035545
2024-12-09 4:00,1288.409611
2024-12-09 4:15,1287.923261
2024-12-09 4:30,1279.053388
2024-12-09 4:45,1287.035545
2024-12-09 5:00,1288.409611
2024-12-09 5:15,1287.923261
2024-12-09 5:30,1279.053388
2024-12-09 5:45,1287.035545
2024-12-09 6:00,1288.481229
2024-12-09 6:15,1287.994879
2024-12-09 6:30,1279.125007
2024-12-09 6:45,1287.107163
2024-12-09 7:00,1288.531442
2024-12-09 7:15,1288.045093
2024-12-09 7:30,1279.17522
2024-12-09 7:45,1287.157376
2024-12-09 8:00,1313.969438
2024-12-09 8:15,1313.483089
2024-12-09 8:30,1304.613216
2024-12-09 8:45,1312.595373
2024-12-09 9:00,1318.655986
2024-12-09 9:15,1318.169637
2024-12-09 9:30,1309.299764
2024-12-09 9:45,1317.28192
2024-12-09 10:00,1318.655986
2024-12-09 10:15,1318.169637
2024-12-09 10:30,1309.299764
2024-12-09 10:45,1317.28192
2024-12-09 11:00,1311.80135
2024-12-09 11:15,1311.315
2024-12-09 11:30,1302.445128
2024-12-09 11:45,1310.427284
2024-12-09 12:00,1313.951334
2024-12-09 12:15,1313.464985
2024-12-09 12:30,1304.595112
2024-12-09 12:45,1312.577269
2024-12-09 13:00,1313.013332
2024-12-09 13:15,1312.526982
2024-12-09 13:30,1303.65711
2024-12-09 13:45,1311.639266
2024-12-09 14:00,1315.975964
2024-12-09 14:15,1315.489614
2024-12-09 14:30,1306.619742
2024-12-09 14:45,1314.601898
2024-12-09 15:00,1315.975964
2024-12-09 15:15,1315.489614
2024-12-09 15:30,1306.619742
2024-12-09 15:45,1314.601898
2024-12-09 16:00,1319.022279
2024-12-09 16:15,1318.535929
2024-12-09 16:30,1309.666056
2024-12-09 16:45,1317.648213
2024-12-09 17:00,1320.152498
2024-12-09 17:15,1319.666148
2024-12-09 17:30,1310.796276
2024-12-09 17:45,1318.778432
2024-12-09 18:00,1323.067963
2024-12-09 18:15,1322.581614
2024-12-09 18:30,1313.711741
2024-12-09 18:45,1321.693898
2024-12-09 19:00,1314.975294
2024-12-09 19:15,1314.488945
2024-12-09 19:30,1305.619072
2024-12-09 19:45,1313.601228
2024-12-09 20:00,1314.975294
2024-12-09 20:15,1314.488945
2024-12-09 20:30,1305.619072
2024-12-09 20:45,1313.601228
2024-12-09 21:00,1315.841679
2024-12-09 21:15,1315.355329
2024-12-09 21:30,1306.485457
2024-12-09 21:45,1314.467613
2024-12-09 22:00,1289.205178
2024-12-09 22:15,1288.718828
2024-12-09 22:30,1279.848956
2024-12-09 22:45,1287.831112
2024-12-09 23:00,1289.205178
2024-12-09 23:15,1288.718828
2024-12-09 23:30,1279.848956
2024-12-09 23:45,1287.831112
2024-12-09 0:00,1289.898254
2024-12-10 0:15,1289.914687
2024-12-10 0:30,1281.044815
2024-12-10 0:45,1289.026971
2024-12-10 1:00,1290.439219
2024-12-10 1:15,1289.952869
2024-12-10 1:30,1281.082997
2024-12-10 1:45,1289.065153
2024-12-10 2:00,1288.912393
2024-12-10 2:15,1288.426044
2024-12-10 2:30,1279.556171
2024-12-10 2:45,1287.538327
2024-12-10 3:00,1288.912393
2024-12-10 3:15,1288.426044
2024-12-10 3:30,1279.556171
2024-12-10 3:45,1287.538327
2024-12-10 4:00,1288.912393
2024-12-10 4:15,1288.426044
2024-12-10 4:30,1279.556171
2024-12-10 4:45,1287.538327
2024-12-10 5:00,1288.912393
2024-12-10 5:15,1288.426044
2024-12-10 5:30,1279.556171
2024-12-10 5:45,1287.538327
2024-12-10 6:00,1288.984011
2024-12-10 6:15,1288.497662
2024-12-10 6:30,1279.627789
2024-12-10 6:45,1287.609946
2024-12-10 7:00,1289.034225
2024-12-10 7:15,1288.547875
2024-12-10 7:30,1279.678003
2024-12-10 7:45,1287.660159
2024-12-10 8:00,1314.472221
2024-12-10 8:15,1313.985871
2024-12-10 8:30,1305.115999
2024-12-10 8:45,1313.098155
2024-12-10 9:00,1319.158769
2024-12-10 9:15,1319.325766
2024-12-10 9:30,1310.455893
2024-12-10 9:45,1318.438049
2024-12-10 10:00,1319.812115
2024-12-10 10:15,1323.126962
2024-12-10 10:30,1314.25709
2024-12-10 10:45,1322.239246
2024-12-10 11:00,1316.758676
2024-12-10 11:15,1316.272326
2024-12-10 11:30,1307.402453
2024-12-10 11:45,1315.38461
2024-12-10 12:00,1318.90866
2024-12-10 12:15,1314.621114
2024-12-10 12:30,1305.751241
2024-12-10 12:45,1313.733398
2024-12-10 13:00,1314.169461
2024-12-10 13:15,1313.683111
2024-12-10 13:30,1304.813239
2024-12-10 13:45,1312.795395
2024-12-10 14:00,1317.132093
2024-12-10 14:15,1316.645744
2024-12-10 14:30,1307.775871
2024-12-10 14:45,1315.758027
2024-12-10 15:00,1317.132093
2024-12-10 15:15,1316.645744
2024-12-10 15:30,1307.775871
2024-12-10 15:45,1315.758027
2024-12-10 16:00,1320.178408
2024-12-10 16:15,1319.692058
2024-12-10 16:30,1310.822186
2024-12-10 16:45,1318.804342
2024-12-10 17:00,1321.308627
2024-12-10 17:15,1324.623474
2024-12-10 17:30,1315.753601
2024-12-10 17:45,1323.735758
2024-12-10 18:00,1328.025289
2024-12-10 18:15,1327.538939
2024-12-10 18:30,1318.669067
2024-12-10 18:45,1326.651223
2024-12-10 19:00,1319.93262
2024-12-10 19:15,1319.44627
2024-12-10 19:30,1310.576398
2024-12-10 19:45,1318.558554
2024-12-10 20:00,1319.93262
2024-12-10 20:15,1315.645074
2024-12-10 20:30,1306.775201
2024-12-10 20:45,1314.757358
2024-12-10 21:00,1316.997808
2024-12-10 21:15,1316.511458
2024-12-10 21:30,1307.641586
2024-12-10 21:45,1315.623742
2024-12-10 22:00,1290.361307
2024-12-10 22:15,1293.676154
2024-12-10 22:30,1284.806281
2024-12-10 22:45,1292.788438
2024-12-10 23:00,1294.162504
2024-12-10 23:15,1289.221611
2024-12-10 23:30,1280.351738
2024-12-10 23:45,1288.333895
2024-12-10 0:00,1290.401037
2024-12-11 0:15,1289.914687
2024-12-11 0:30,1281.044815
2024-12-11 0:45,1289.026971
2024-12-11 1:00,1290.439219
2024-12-11 1:15,1289.952869
2024-12-11 1:30,1281.082997
2024-12-11 1:45,1289.065153
2024-12-11 2:00,1288.912393
2024-12-11 2:15,1288.426044
2024-12-11 2:30,1279.556171
2024-12-11 2:45,1287.538327
2024-12-11 3:00,1288.912393
2024-12-11 3:15,1288.426044
2024-12-11 3:30,1279.556171
2024-12-11 3:45,1287.538327
2024-12-11 4:00,1288.912393
2024-12-11 4:15,1288.426044
2024-12-11 4:30,1279.556171
2024-12-11 4:45,1287.538327
2024-12-11 5:00,1288.912393
2024-12-11 5:15,1288.426044
2024-12-11 5:30,1279.556171
2024-12-11 5:45,1287.538327
2024-12-11 6:00,1288.984011
2024-12-11 6:15,1288.497662
2024-12-11 6:30,1279.627789
2024-12-11 6:45,1287.609946
2024-12-11 7:00,1289.034225
2024-12-11 7:15,1288.547875
2024-12-11 7:30,1279.678003
2024-12-11 7:45,1287.660159
2024-12-11 8:00,1314.472221
2024-12-11 8:15,1313.985871
2024-12-11 8:30,1305.115999
2024-12-11 8:45,1313.098155
2024-12-11 9:00,1319.158769
2024-12-11 9:15,1319.325766
2024-12-11 9:30,1310.455893
2024-12-11 9:45,1318.438049
2024-12-11 10:00,1319.812115
2024-12-11 10:15,1323.126962
2024-12-11 10:30,1314.25709
2024-12-11 10:45,1322.239246
2024-12-11 11:00,1316.758676
2024-12-11 11:15,1316.272326
2024-12-11 11:30,1307.402453
2024-12-11 11:45,1315.38461
2024-12-11 12:00,1318.90866
2024-12-11 12:15,1314.621114
2024-12-11 12:30,1305.751241
2024-12-11 12:45,1313.733398
2024-12-11 13:00,1314.169461
2024-12-11 13:15,1313.683111
2024-12-11 13:30,1304.813239
2024-12-11 13:45,1312.795395
2024-12-11 14:00,1317.132093
2024-12-11 14:15,1316.645744
2024-12-11 14:30,1307.775871
2024-12-11 14:45,1315.758027
2024-12-11 15:00,1317.132093
2024-12-11 15:15,1316.645744
2024-12-11 15:30,1307.775871
2024-12-11 15:45,1315.758027
2024-12-11 16:00,1320.178408
2024-12-11 16:15,1319.692058
2024-12-11 16:30,1310.822186
2024-12-11 16:45,1318.804342
2024-12-11 17:00,1321.308627
2024-12-11 17:15,1324.623474
2024-12-11 17:30,1315.753601
2024-12-11 17:45,1323.735758
2024-12-11 18:00,1328.025289
2024-12-11 18:15,1327.538939
2024-12-11 18:30,1318.669067
2024-12-11 18:45,1326.651223
2024-12-11 19:00,1319.93262
2024-12-11 19:15,1319.44627
2024-12-11 19:30,1310.576398
2024-12-11 19:45,1318.558554
2024-12-11 20:00,1319.93262
2024-12-11 20:15,1315.645074
2024-12-11 20:30,1306.775201
2024-12-11 20:45,1314.757358
2024-12-11 21:00,1316.997808
2024-12-11 21:15,1316.511458
2024-12-11 21:30,1307.641586
2024-12-11 21:45,1315.623742
2024-12-11 22:00,1290.361307
2024-12-11 22:15,1293.676154
2024-12-11 22:30,1284.806281
2024-12-11 22:45,1292.788438
2024-12-11 23:00,1294.162504
2024-12-11 23:15,1289.221611
2024-12-11 23:30,1280.351738
2024-12-11 23:45,1288.333895
2024-12-11 0:00,1290.401037
2024-12-12 0:15,1290.040432
2024-12-12 0:30,1281.170559
2024-12-12 0:45,1289.152716
2024-12-12 1:00,1290.564964
2024-12-12 1:15,1290.078614
2024-12-12 1:30,1281.208741
2024-12-12 1:45,1289.190898
2024-12-12 2:00,1289.038138
2024-12-12 2:15,1288.551788
2024-12-12 2:30,1279.681916
2024-12-12 2:45,1287.664072
2024-12-12 3:00,1289.038138
2024-12-12 3:15,1288.551788
2024-12-12 3:30,1279.681916
2024-12-12 3:45,1287.664072
2024-12-12 4:00,1289.072432
2024-12-12 4:15,1288.586082
2024-12-12 4:30,1279.71621
2024-12-12 4:45,1287.698366
2024-12-12 5:00,1289.072432
2024-12-12 5:15,1288.586082
2024-12-12 5:30,1279.71621
2024-12-12 5:45,1287.698366
2024-12-12 6:00,1289.14405
2024-12-12 6:15,1288.657701
2024-12-12 6:30,1279.787828
2024-12-12 6:45,1287.769984
2024-12-12 7:00,1289.194264
2024-12-12 7:15,1288.707914
2024-12-12 7:30,1279.838041
2024-12-12 7:45,1287.820198
2024-12-12 8:00,1314.63226
2024-12-12 8:15,1314.14591
2024-12-12 8:30,1305.276038
2024-12-12 8:45,1313.258194
2024-12-12 9:00,1319.318808
2024-12-12 9:15,1319.485805
2024-12-12 9:30,1310.615932
2024-12-12 9:45,1318.598088
2024-12-12 10:00,1319.972154
2024-12-12 10:15,1323.287001
2024-12-12 10:30,1314.417129
2024-12-12 10:45,1322.399285
2024-12-12 11:00,1316.918715
2024-12-12 11:15,1316.432365
2024-12-12 11:30,1307.562492
2024-12-12 11:45,1315.544649
2024-12-12 12:00,1319.068699
2024-12-12 12:15,1314.781153
2024-12-12 12:30,1305.91128
2024-12-12 12:45,1313.893437
2024-12-12 13:00,1314.3295
2024-12-12 13:15,1313.84315
2024-12-12 13:30,1304.973278
2024-12-12 13:45,1312.955434
2024-12-12 14:00,1317.292132
2024-12-12 14:15,1316.805782
2024-12-12 14:30,1307.93591
2024-12-12 14:45,1315.918066
2024-12-12 15:00,1317.292132
2024-12-12 15:15,1316.805782
2024-12-12 15:30,1307.93591
2024-12-12 15:45,1315.918066
2024-12-12 16:00,1320.338447
2024-12-12 16:15,1319.852097
2024-12-12 16:30,1310.982224
2024-12-12 16:45,1318.964381
2024-12-12 17:00,1321.468666
2024-12-12 17:15,1324.783513
2024-12-12 17:30,1315.91364
2024-12-12 17:45,1323.895796
2024-12-12 18:00,1328.185328
2024-12-12 18:15,1327.698978
2024-12-12 18:30,1318.829106
2024-12-12 18:45,1326.811262
2024-12-12 19:00,1320.092659
2024-12-12 19:15,1319.606309
2024-12-12 19:30,1310.736437
2024-12-12 19:45,1318.718593
2024-12-12 20:00,1320.092659
2024-12-12 20:15,1315.805113
2024-12-12 20:30,1306.93524
2024-12-12 20:45,1314.917396
2024-12-12 21:00,1317.157847
2024-12-12 21:15,1316.671497
2024-12-12 21:30,1307.801625
2024-12-12 21:45,1315.783781
2024-12-12 22:00,1290.521346
2024-12-12 22:15,1293.836193
2024-12-12 22:30,1284.96632
2024-12-12 22:45,1292.948477
2024-12-12 23:00,1294.322542
2024-12-12 23:15,1289.38165
2024-12-12 23:30,1280.511777
2024-12-12 23:45,1288.493934
2024-12-12 0:00,1290.526782
2024-12-13 0:15,1290.085135
2024-12-13 0:30,1281.215262
2024-12-13 0:45,1289.197419
2024-12-13 1:00,1290.609667
2024-12-13 1:15,1290.123317
2024-12-13 1:30,1281.253444
2024-12-13 1:45,1289.235601
2024-12-13 2:00,1289.082841
2024-12-13 2:15,1288.596491
2024-12-13 2:30,1279.726619
2024-12-13 2:45,1287.708775
2024-12-13 3:00,1289.082841
2024-12-13 3:15,1288.596491
2024-12-13 3:30,1279.726619
2024-12-13 3:45,1287.708775
2024-12-13 4:00,1289.117135
2024-12-13 4:15,1288.630785
2024-12-13 4:30,1279.760913
2024-12-13 4:45,1287.743069
2024-12-13 5:00,1289.117135
2024-12-13 5:15,1288.630785
2024-12-13 5:30,1279.760913
2024-12-13 5:45,1287.743069
2024-12-13 6:00,1289.188753
2024-12-13 6:15,1288.702403
2024-12-13 6:30,1279.832531
2024-12-13 6:45,1287.814687
2024-12-13 7:00,1289.238966
2024-12-13 7:15,1288.752617
2024-12-13 7:30,1279.882744
2024-12-13 7:45,1287.864901
2024-12-13 8:00,1314.676963
2024-12-13 8:15,1314.190613
2024-12-13 8:30,1305.32074
2024-12-13 8:45,1313.302897
2024-12-13 9:00,1319.36351
2024-12-13 9:15,1319.530507
2024-12-13 9:30,1310.660635
2024-12-13 9:45,1318.642791
2024-12-13 10:00,1320.016857
2024-12-13 10:15,1323.331704
2024-12-13 10:30,1314.461831
2024-12-13 10:45,1322.443988
2024-12-13 11:00,1316.963417
2024-12-13 11:15,1316.477068
2024-12-13 11:30,1307.607195
2024-12-13 11:45,1315.589351
2024-12-13 12:00,1319.113402
2024-12-13 12:15,1314.825856
2024-12-13 12:30,1305.955983
2024-12-13 12:45,1313.938139
2024-12-13 13:00,1314.374203
2024-12-13 13:15,1313.887853
2024-12-13 13:30,1305.01798
2024-12-13 13:45,1313.000137
2024-12-13 14:00,1317.336835
2024-12-13 14:15,1316.850485
2024-12-13 14:30,1307.980613
2024-12-13 14:45,1315.962769
2024-12-13 15:00,1317.336835
2024-12-13 15:15,1316.850485
2024-12-13 15:30,1307.980613
2024-12-13 15:45,1315.962769
2024-12-13 16:00,1320.38315
2024-12-13 16:15,1319.8968
2024-12-13 16:30,1311.026927
2024-12-13 16:45,1319.009084
2024-12-13 17:00,1321.513369
2024-12-13 17:15,1324.828215
2024-12-13 17:30,1315.958343
2024-12-13 17:45,1323.940499
2024-12-13 18:00,1328.230031
2024-12-13 18:15,1327.743681
2024-12-13 18:30,1318.873809
2024-12-13 18:45,1326.855965
2024-12-13 19:00,1320.137362
2024-12-13 19:15,1319.651012
2024-12-13 19:30,1310.781139
2024-12-13 19:45,1318.763296
2024-12-13 20:00,1320.137362
2024-12-13 20:15,1315.849815
2024-12-13 20:30,1306.979943
2024-12-13 20:45,1314.962099
2024-12-13 21:00,1317.20255
2024-12-13 21:15,1316.7162
2024-12-13 21:30,1307.846327
2024-12-13 21:45,1315.828484
2024-12-13 22:00,1290.566049
2024-12-13 22:15,1293.880896
2024-12-13 22:30,1285.011023
2024-12-13 22:45,1292.993179
2024-12-13 23:00,1294.367245
2024-12-13 23:15,1289.426353
2024-12-13 23:30,1280.55648
2024-12-13 23:45,1288.538636
2024-12-13 0:00,1290.571484
2024-12-14 0:15,1289.11124
2024-12-14 0:30,1280.241367
2024-12-14 0:45,1288.223524
2024-12-14 1:00,1289.635772
2024-12-14 1:15,1289.149422
2024-12-14 1:30,1280.279549
2024-12-14 1:45,1288.261706
2024-12-14 2:00,1288.108946
2024-12-14 2:15,1287.622596
2024-12-14 2:30,1278.752724
2024-12-14 2:45,1286.73488
2024-12-14 3:00,1288.108946
2024-12-14 3:15,1287.622596
2024-12-14 3:30,1278.752724
2024-12-14 3:45,1286.73488
2024-12-14 4:00,1288.108946
2024-12-14 4:15,1287.622596
2024-12-14 4:30,1278.752724
2024-12-14 4:45,1286.73488
2024-12-14 5:00,1288.108946
2024-12-14 5:15,1287.622596
2024-12-14 5:30,1278.752724
2024-12-14 5:45,1286.73488
2024-12-14 6:00,1288.180564
2024-12-14 6:15,1287.694214
2024-12-14 6:30,1278.824342
2024-12-14 6:45,1286.806498
2024-12-14 7:00,1288.230777
2024-12-14 7:15,1287.744428
2024-12-14 7:30,1278.874555
2024-12-14 7:45,1286.856712
2024-12-14 8:00,1313.668774
2024-12-14 8:15,1313.182424
2024-12-14 8:30,1304.312551
2024-12-14 8:45,1312.294708
2024-12-14 9:00,1318.355321
2024-12-14 9:15,1318.522318
2024-12-14 9:30,1309.652446
2024-12-14 9:45,1317.634602
2024-12-14 10:00,1319.008668
2024-12-14 10:15,1322.323515
2024-12-14 10:30,1313.453642
2024-12-14 10:45,1321.435799
2024-12-14 11:00,1315.955228
2024-12-14 11:15,1315.468879
2024-12-14 11:30,1306.599006
2024-12-14 11:45,1314.581162
2024-12-14 12:00,1318.105213
2024-12-14 12:15,1313.817667
2024-12-14 12:30,1304.947794
2024-12-14 12:45,1312.92995
2024-12-14 13:00,1313.366014
2024-12-14 13:15,1312.879664
2024-12-14 13:30,1304.009791
2024-12-14 13:45,1311.991948
2024-12-14 14:00,1316.328646
2024-12-14 14:15,1315.842296
2024-12-14 14:30,1306.972424
2024-12-14 14:45,1314.95458
2024-12-14 15:00,1316.328646
2024-12-14 15:15,1315.842296
2024-12-14 15:30,1306.972424
2024-12-14 15:45,1314.95458
2024-12-14 16:00,1319.37496
2024-12-14 16:15,1318.888611
2024-12-14 16:30,1310.018738
2024-12-14 16:45,1318.000895
2024-12-14 17:00,1320.50518
2024-12-14 17:15,1323.820026
2024-12-14 17:30,1314.950154
2024-12-14 17:45,1322.93231
2024-12-14 18:00,1327.221842
2024-12-14 18:15,1326.735492
2024-12-14 18:30,1317.86562
2024-12-14 18:45,1325.847776
2024-12-14 19:00,1319.129173
2024-12-14 19:15,1318.642823
2024-12-14 19:30,1309.77295
2024-12-14 19:45,1317.755107
2024-12-14 20:00,1319.129173
2024-12-14 20:15,1314.841626
2024-12-14 20:30,1305.971754
2024-12-14 20:45,1313.95391
2024-12-14 21:00,1316.194361
2024-12-14 21:15,1315.708011
2024-12-14 21:30,1306.838138
2024-12-14 21:45,1314.820295
2024-12-14 22:00,1289.55786
2024-12-14 22:15,1292.872707
2024-12-14 22:30,1284.002834
2024-12-14 22:45,1291.98499
2024-12-14 23:00,1293.359056
2024-12-14 23:15,1288.418164
2024-12-14 23:30,1279.548291
2024-12-14 23:45,1287.530447
2024-12-14 0:00,1289.597589
2024-12-15 0:15,1289.11124
2024-12-15 0:30,1280.241367
2024-12-15 0:45,1288.223524
2024-12-15 1:00,1289.635772
2024-12-15 1:15,1289.149422
2024-12-15 1:30,1280.279549
2024-12-15 1:45,1288.261706
2024-12-15 2:00,1288.108946
2024-12-15 2:15,1287.622596
2024-12-15 2:30,1278.752724
2024-12-15 2:45,1286.73488
2024-12-15 3:00,1288.108946
2024-12-15 3:15,1287.622596
2024-12-15 3:30,1278.752724
2024-12-15 3:45,1286.73488
2024-12-15 4:00,1288.108946
2024-12-15 4:15,1287.622596
2024-12-15 4:30,1278.752724
2024-12-15 4:45,1286.73488
2024-12-15 5:00,1288.108946
2024-12-15 5:15,1287.622596
2024-12-15 5:30,1278.752724
2024-12-15 5:45,1286.73488
2024-12-15 6:00,1288.180564
2024-12-15 6:15,1287.694214
2024-12-15 6:30,1278.824342
2024-12-15 6:45,1286.806498
2024-12-15 7:00,1288.230777
2024-12-15 7:15,1287.744428
2024-12-15 7:30,1278.874555
2024-12-15 7:45,1286.856712
2024-12-15 8:00,1313.668774
2024-12-15 8:15,1313.182424
2024-12-15 8:30,1304.312551
2024-12-15 8:45,1312.294708
2024-12-15 9:00,1318.355321
2024-12-15 9:15,1317.868972
2024-12-15 9:30,1308.999099
2024-12-15 9:45,1316.981256
2024-12-15 10:00,1318.355321
2024-12-15 10:15,1317.868972
2024-12-15 10:30,1308.999099
2024-12-15 10:45,1316.981256
2024-12-15 11:00,1311.500685
2024-12-15 11:15,1311.014336
2024-12-15 11:30,1302.144463
2024-12-15 11:45,1310.126619
2024-12-15 12:00,1313.65067
2024-12-15 12:15,1313.16432
2024-12-15 12:30,1304.294447
2024-12-15 12:45,1312.276604
2024-12-15 13:00,1312.712667
2024-12-15 13:15,1312.226317
2024-12-15 13:30,1303.356445
2024-12-15 13:45,1311.338601
2024-12-15 14:00,1315.675299
2024-12-15 14:15,1315.18895
2024-12-15 14:30,1306.319077
2024-12-15 14:45,1314.301233
2024-12-15 15:00,1315.675299
2024-12-15 15:15,1315.18895
2024-12-15 15:30,1306.319077
2024-12-15 15:45,1314.301233
2024-12-15 16:00,1318.721614
2024-12-15 16:15,1318.235264
2024-12-15 16:30,1309.365392
2024-12-15 16:45,1317.347548
2024-12-15 17:00,1319.851833
2024-12-15 17:15,1319.365483
2024-12-15 17:30,1310.495611
2024-12-15 17:45,1318.477767
2024-12-15 18:00,1322.767299
2024-12-15 18:15,1322.280949
2024-12-15 18:30,1313.411076
2024-12-15 18:45,1321.393233
2024-12-15 19:00,1314.674629
2024-12-15 19:15,1314.18828
2024-12-15 19:30,1305.318407
2024-12-15 19:45,1313.300564
2024-12-15 20:00,1314.674629
2024-12-15 20:15,1314.18828
2024-12-15 20:30,1305.318407
2024-12-15 20:45,1313.300564
2024-12-15 21:00,1315.541014
2024-12-15 21:15,1315.054664
2024-12-15 21:30,1306.184792
2024-12-15 21:45,1314.166948
2024-12-15 22:00,1288.904513
2024-12-15 22:15,1288.418164
2024-12-15 22:30,1279.548291
2024-12-15 22:45,1287.530447
2024-12-15 23:00,1288.904513
2024-12-15 23:15,1288.418164
2024-12-15 23:30,1279.548291
2024-12-15 23:45,1287.530447
2024-12-15 0:00,1289.597589
2024-12-16 0:15,1288.832586
2024-12-16 0:30,1279.962714
2024-12-16 0:45,1287.94487
2024-12-16 1:00,1289.357118
2024-12-16 1:15,1288.870769
2024-12-16 1:30,1280.000896
2024-12-16 1:45,1287.983052
2024-12-16 2:00,1287.830293
2024-12-16 2:15,1287.343943
2024-12-16 2:30,1278.47407
2024-12-16 2:45,1286.456227
2024-12-16 3:00,1287.830293
2024-12-16 3:15,1287.343943
2024-12-16 3:30,1278.47407
2024-12-16 3:45,1286.456227
2024-12-16 4:00,1287.830293
2024-12-16 4:15,1287.343943
2024-12-16 4:30,1278.47407
2024-12-16 4:45,1286.456227
2024-12-16 5:00,1287.830293
2024-12-16 5:15,1287.343943
2024-12-16 5:30,1278.47407
2024-12-16 5:45,1286.456227
2024-12-16 6:00,1287.901911
2024-12-16 6:15,1287.415561
2024-12-16 6:30,1278.545688
2024-12-16 6:45,1286.527845
2024-12-16 7:00,1287.952124
2024-12-16 7:15,1287.465774
2024-12-16 7:30,1278.595902
2024-12-16 7:45,1286.578058
2024-12-16 8:00,1313.39012
2024-12-16 8:15,1312.903771
2024-12-16 8:30,1304.033898
2024-12-16 8:45,1312.016054
2024-12-16 9:00,1318.076668
2024-12-16 9:15,1318.243665
2024-12-16 9:30,1309.373792
2024-12-16 9:45,1317.355949
2024-12-16 10:00,1318.730015
2024-12-16 10:15,1322.044861
2024-12-16 10:30,1313.174989
2024-12-16 10:45,1321.157145
2024-12-16 11:00,1315.676575
2024-12-16 11:15,1315.190225
2024-12-16 11:30,1306.320353
2024-12-16 11:45,1314.302509
2024-12-16 12:00,1317.826559
2024-12-16 12:15,1313.539013
2024-12-16 12:30,1304.669141
2024-12-16 12:45,1312.651297
2024-12-16 13:00,1313.08736
2024-12-16 13:15,1312.601011
2024-12-16 13:30,1303.731138
2024-12-16 13:45,1311.713294
2024-12-16 14:00,1316.049992
2024-12-16 14:15,1315.563643
2024-12-16 14:30,1306.69377
2024-12-16 14:45,1314.675927
2024-12-16 15:00,1316.049992
2024-12-16 15:15,1315.563643
2024-12-16 15:30,1306.69377
2024-12-16 15:45,1314.675927
2024-12-16 16:00,1319.096307
2024-12-16 16:15,1318.609957
2024-12-16 16:30,1309.740085
2024-12-16 16:45,1317.722241
2024-12-16 17:00,1320.226526
2024-12-16 17:15,1323.541373
2024-12-16 17:30,1314.6715
2024-12-16 17:45,1322.653657
2024-12-16 18:00,1326.943188
2024-12-16 18:15,1326.456839
2024-12-16 18:30,1317.586966
2024-12-16 18:45,1325.569123
2024-12-16 19:00,1318.850519
2024-12-16 19:15,1318.36417
2024-12-16 19:30,1309.494297
2024-12-16 19:45,1317.476453
2024-12-16 20:00,1318.850519
2024-12-16 20:15,1314.562973
2024-12-16 20:30,1305.6931
2024-12-16 20:45,1313.675257
2024-12-16 21:00,1315.915707
2024-12-16 21:15,1315.429358
2024-12-16 21:30,1306.559485
2024-12-16 21:45,1314.541641
2024-12-16 22:00,1289.279206
2024-12-16 22:15,1292.594053
2024-12-16 22:30,1283.724181
2024-12-16 22:45,1291.706337
2024-12-16 23:00,1293.080403
2024-12-16 23:15,1288.13951
2024-12-16 23:30,1279.269638
2024-12-16 23:45,1287.251794
2024-12-16 0:00,1289.318936
2024-12-17 0:15,1289.335369
2024-12-17 0:30,1280.465496
2024-12-17 0:45,1288.447653
2024-12-17 1:00,1289.859901
2024-12-17 1:15,1289.373551
2024-12-17 1:30,1280.503678
2024-12-17 1:45,1288.485835
2024-12-17 2:00,1288.333075
2024-12-17 2:15,1287.846725
2024-12-17 2:30,1278.976853
2024-12-17 2:45,1286.959009
2024-12-17 3:00,1288.333075
2024-12-17 3:15,1287.846725
2024-12-17 3:30,1278.976853
2024-12-17 3:45,1286.959009
2024-12-17 4:00,1288.333075
2024-12-17 4:15,1287.846725
2024-12-17 4:30,1278.976853
2024-12-17 4:45,1286.959009
2024-12-17 5:00,1288.333075
2024-12-17 5:15,1287.846725
2024-12-17 5:30,1278.976853
2024-12-17 5:45,1286.959009
2024-12-17 6:00,1288.404693
2024-12-17 6:15,1287.918344
2024-12-17 6:30,1279.048471
2024-12-17 6:45,1287.030627
2024-12-17 7:00,1288.454907
2024-12-17 7:15,1287.968557
2024-12-17 7:30,1279.098684
2024-12-17 7:45,1287.080841
2024-12-17 8:00,1313.892903
2024-12-17 8:15,1313.406553
2024-12-17 8:30,1304.536681
2024-12-17 8:45,1312.518837
2024-12-17 9:00,1318.579451
2024-12-17 9:15,1318.746448
2024-12-17 9:30,1309.876575
2024-12-17 9:45,1317.858731
2024-12-17 10:00,1319.232797
2024-12-17 10:15,1322.547644
2024-12-17 10:30,1313.677771
2024-12-17 10:45,1321.659928
2024-12-17 11:00,1316.179357
2024-12-17 11:15,1315.693008
2024-12-17 11:30,1306.823135
2024-12-17 11:45,1314.805292
2024-12-17 12:00,1318.329342
2024-12-17 12:15,1314.041796
2024-12-17 12:30,1305.171923
2024-12-17 12:45,1313.15408
2024-12-17 13:00,1313.590143
2024-12-17 13:15,1313.103793
2024-12-17 13:30,1304.233921
2024-12-17 13:45,1312.216077
2024-12-17 14:00,1316.552775
2024-12-17 14:15,1316.066425
2024-12-17 14:30,1307.196553
2024-12-17 14:45,1315.178709
2024-12-17 15:00,1316.552775
2024-12-17 15:15,1316.066425
2024-12-17 15:30,1307.196553
2024-12-17 15:45,1315.178709
2024-12-17 16:00,1319.59909
2024-12-17 16:15,1319.11274
2024-12-17 16:30,1310.242867
2024-12-17 16:45,1318.225024
2024-12-17 17:00,1320.729309
2024-12-17 17:15,1324.044156
2024-12-17 17:30,1315.174283
2024-12-17 17:45,1323.156439
2024-12-17 18:00,1327.445971
2024-12-17 18:15,1326.959621
2024-12-17 18:30,1318.089749
2024-12-17 18:45,1326.071905
2024-12-17 19:00,1319.353302
2024-12-17 19:15,1318.866952
2024-12-17 19:30,1309.99708
2024-12-17 19:45,1317.979236
2024-12-17 20:00,1319.353302
2024-12-17 20:15,1315.065756
2024-12-17 20:30,1306.195883
2024-12-17 20:45,1314.178039
2024-12-17 21:00,1316.41849
2024-12-17 21:15,1315.93214
2024-12-17 21:30,1307.062268
2024-12-17 21:45,1315.044424
2024-12-17 22:00,1289.781989
2024-12-17 22:15,1293.096836
2024-12-17 22:30,1284.226963
2024-12-17 22:45,1292.20912
2024-12-17 23:00,1293.583185
2024-12-17 23:15,1288.642293
2024-12-17 23:30,1279.77242
2024-12-17 23:45,1287.754577
2024-12-17 0:00,1289.821719
2024-12-18 0:15,1289.335369
2024-12-18 0:30,1280.465496
2024-12-18 0:45,1288.447653
2024-12-18 1:00,1289.859901
2024-12-18 1:15,1289.373551
2024-12-18 1:30,1280.503678
2024-12-18 1:45,1288.485835
2024-12-18 2:00,1288.333075
2024-12-18 2:15,1287.846725
2024-12-18 2:30,1278.976853
2024-12-18 2:45,1286.959009
2024-12-18 3:00,1288.333075
2024-12-18 3:15,1287.846725
2024-12-18 3:30,1278.976853
2024-12-18 3:45,1286.959009
2024-12-18 4:00,1288.333075
2024-12-18 4:15,1287.846725
2024-12-18 4:30,1278.976853
2024-12-18 4:45,1286.959009
2024-12-18 5:00,1288.333075
2024-12-18 5:15,1287.846725
2024-12-18 5:30,1278.976853
2024-12-18 5:45,1286.959009
2024-12-18 6:00,1288.404693
2024-12-18 6:15,1287.918344
2024-12-18 6:30,1279.048471
2024-12-18 6:45,1287.030627
2024-12-18 7:00,1288.454907
2024-12-18 7:15,1287.968557
2024-12-18 7:30,1279.098684
2024-12-18 7:45,1287.080841
2024-12-18 8:00,1313.892903
2024-12-18 8:15,1313.406553
2024-12-18 8:30,1304.536681
2024-12-18 8:45,1312.518837
2024-12-18 9:00,1318.579451
2024-12-18 9:15,1318.746448
2024-12-18 9:30,1309.876575
2024-12-18 9:45,1317.858731
2024-12-18 10:00,1319.232797
2024-12-18 10:15,1322.547644
2024-12-18 10:30,1313.677771
2024-12-18 10:45,1321.659928
2024-12-18 11:00,1316.179357
2024-12-18 11:15,1315.693008
2024-12-18 11:30,1306.823135
2024-12-18 11:45,1314.805292
2024-12-18 12:00,1318.329342
2024-12-18 12:15,1314.041796
2024-12-18 12:30,1305.171923
2024-12-18 12:45,1313.15408
2024-12-18 13:00,1313.590143
2024-12-18 13:15,1313.103793
2024-12-18 13:30,1304.233921
2024-12-18 13:45,1312.216077
2024-12-18 14:00,1316.552775
2024-12-18 14:15,1316.066425
2024-12-18 14:30,1307.196553
2024-12-18 14:45,1315.178709
2024-12-18 15:00,1316.552775
2024-12-18 15:15,1316.066425
2024-12-18 15:30,1307.196553
2024-12-18 15:45,1315.178709
2024-12-18 16:00,1319.59909
2024-12-18 16:15,1319.11274
2024-12-18 16:30,1310.242867
2024-12-18 16:45,1318.225024
2024-12-18 17:00,1320.729309
2024-12-18 17:15,1324.044156
2024-12-18 17:30,1315.174283
2024-12-18 17:45,1323.156439
2024-12-18 18:00,1327.445971
2024-12-18 18:15,1326.959621
2024-12-18 18:30,1318.089749
2024-12-18 18:45,1326.071905
2024-12-18 19:00,1319.353302
2024-12-18 19:15,1318.866952
2024-12-18 19:30,1309.99708
2024-12-18 19:45,1317.979236
2024-12-18 20:00,1319.353302
2024-12-18 20:15,1315.065756
2024-12-18 20:30,1306.195883
2024-12-18 20:45,1314.178039
2024-12-18 21:00,1316.41849
2024-12-18 21:15,1315.93214
2024-12-18 21:30,1307.062268
2024-12-18 21:45,1315.044424
2024-12-18 22:00,1289.781989
2024-12-18 22:15,1293.096836
2024-12-18 22:30,1284.226963
2024-12-18 22:45,1292.20912
2024-12-18 23:00,1293.583185
2024-12-18 23:15,1288.642293
2024-12-18 23:30,1279.77242
2024-12-18 23:45,1287.754577
2024-12-18 0:00,1289.821719
2024-12-19 0:15,1289.461114
2024-12-19 0:30,1280.591241
2024-12-19 0:45,1288.573398
2024-12-19 1:00,1289.985646
2024-12-19 1:15,1289.499296
2024-12-19 1:30,1280.629423
2024-12-19 1:45,1288.61158
2024-12-19 2:00,1288.45882
2024-12-19 2:15,1287.97247
2024-12-19 2:30,1279.102598
2024-12-19 2:45,1287.084754
2024-12-19 3:00,1288.45882
2024-12-19 3:15,1287.97247
2024-12-19 3:30,1279.102598
2024-12-19 3:45,1287.084754
2024-12-19 4:00,1288.493114
2024-12-19 4:15,1288.006764
2024-12-19 4:30,1279.136892
2024-12-19 4:45,1287.119048
2024-12-19 5:00,1288.493114
2024-12-19 5:15,1288.006764
2024-12-19 5:30,1279.136892
2024-12-19 5:45,1287.119048
2024-12-19 6:00,1288.564732
2024-12-19 6:15,1288.078382
2024-12-19 6:30,1279.20851
2024-12-19 6:45,1287.190666
2024-12-19 7:00,1288.614946
2024-12-19 7:15,1288.128596
2024-12-19 7:30,1279.258723
2024-12-19 7:45,1287.24088
2024-12-19 8:00,1314.052942
2024-12-19 8:15,1313.566592
2024-12-19 8:30,1304.696719
2024-12-19 8:45,1312.678876
2024-12-19 9:00,1318.739489
2024-12-19 9:15,1318.906486
2024-12-19 9:30,1310.036614
2024-12-19 9:45,1318.01877
2024-12-19 10:00,1319.392836
2024-12-19 10:15,1322.707683
2024-12-19 10:30,1313.83781
2024-12-19 10:45,1321.819967
2024-12-19 11:00,1316.339396
2024-12-19 11:15,1315.853047
2024-12-19 11:30,1306.983174
2024-12-19 11:45,1314.965331
2024-12-19 12:00,1318.489381
2024-12-19 12:15,1314.201835
2024-12-19 12:30,1305.331962
2024-12-19 12:45,1313.314119
2024-12-19 13:00,1313.750182
2024-12-19 13:15,1313.263832
2024-12-19 13:30,1304.39396
2024-12-19 13:45,1312.376116
2024-12-19 14:00,1316.712814
2024-12-19 14:15,1316.226464
2024-12-19 14:30,1307.356592
2024-12-19 14:45,1315.338748
2024-12-19 15:00,1316.712814
2024-12-19 15:15,1316.226464
2024-12-19 15:30,1307.356592
2024-12-19 15:45,1315.338748
2024-12-19 16:00,1319.759129
2024-12-19 16:15,1319.272779
2024-12-19 16:30,1310.402906
2024-12-19 16:45,1318.385063
2024-12-19 17:00,1320.889348
2024-12-19 17:15,1324.204194
2024-12-19 17:30,1315.334322
2024-12-19 17:45,1323.316478
2024-12-19 18:00,1327.60601
2024-12-19 18:15,1327.11966
2024-12-19 18:30,1318.249788
2024-12-19 18:45,1326.231944
2024-12-19 19:00,1319.513341
2024-12-19 19:15,1319.026991
2024-12-19 19:30,1310.157118
2024-12-19 19:45,1318.139275
2024-12-19 20:00,1319.513341
2024-12-19 20:15,1315.225795
2024-12-19 20:30,1306.355922
2024-12-19 20:45,1314.338078
2024-12-19 21:00,1316.578529
2024-12-19 21:15,1316.092179
2024-12-19 21:30,1307.222306
2024-12-19 21:45,1315.204463
2024-12-19 22:00,1289.942028
2024-12-19 22:15,1293.256875
2024-12-19 22:30,1284.387002
2024-12-19 22:45,1292.369159
2024-12-19 23:00,1293.743224
2024-12-19 23:15,1288.802332
2024-12-19 23:30,1279.932459
2024-12-19 23:45,1287.914615
2024-12-19 0:00,1289.947463
2024-12-20 0:15,1289.505817
2024-12-20 0:30,1280.635944
2024-12-20 0:45,1288.6181
2024-12-20 1:00,1290.030348
2024-12-20 1:15,1289.543999
2024-12-20 1:30,1280.674126
2024-12-20 1:45,1288.656283
2024-12-20 2:00,1288.503523
2024-12-20 2:15,1288.017173
2024-12-20 2:30,1279.1473
2024-12-20 2:45,1287.129457
2024-12-20 3:00,1288.503523
2024-12-20 3:15,1288.017173
2024-12-20 3:30,1279.1473
2024-12-20 3:45,1287.129457
2024-12-20 4:00,1288.537817
2024-12-20 4:15,1288.051467
2024-12-20 4:30,1279.181595
2024-12-20 4:45,1287.163751
2024-12-20 5:00,1288.537817
2024-12-20 5:15,1288.051467
2024-12-20 5:30,1279.181595
2024-12-20 5:45,1287.163751
2024-12-20 6:00,1288.609435
2024-12-20 6:15,1288.123085
2024-12-20 6:30,1279.253213
2024-12-20 6:45,1287.235369
2024-12-20 7:00,1288.659648
2024-12-20 7:15,1288.173299
2024-12-20 7:30,1279.303426
2024-12-20 7:45,1287.285583
2024-12-20 8:00,1314.097644
2024-12-20 8:15,1313.611295
2024-12-20 8:30,1304.741422
2024-12-20 8:45,1312.723579
2024-12-20 9:00,1318.784192
2024-12-20 9:15,1318.951189
2024-12-20 9:30,1310.081317
2024-12-20 9:45,1318.063473
2024-12-20 10:00,1319.437539
2024-12-20 10:15,1322.752386
2024-12-20 10:30,1313.882513
2024-12-20 10:45,1321.86467
2024-12-20 11:00,1316.384099
2024-12-20 11:15,1315.89775
2024-12-20 11:30,1307.027877
2024-12-20 11:45,1315.010033
2024-12-20 12:00,1318.534084
2024-12-20 12:15,1314.246538
2024-12-20 12:30,1305.376665
2024-12-20 12:45,1313.358821
2024-12-20 13:00,1313.794885
2024-12-20 13:15,1313.308535
2024-12-20 13:30,1304.438662
2024-12-20 13:45,1312.420819
2024-12-20 14:00,1316.757517
2024-12-20 14:15,1316.271167
2024-12-20 14:30,1307.401295
2024-12-20 14:45,1315.383451
2024-12-20 15:00,1316.757517
2024-12-20 15:15,1316.271167
2024-12-20 15:30,1307.401295
2024-12-20 15:45,1315.383451
2024-12-20 16:00,1319.803831
2024-12-20 16:15,1319.317482
2024-12-20 16:30,1310.447609
2024-12-20 16:45,1318.429766
2024-12-20 17:00,1320.93405
2024-12-20 17:15,1324.248897
2024-12-20 17:30,1315.379025
2024-12-20 17:45,1323.361181
2024-12-20 18:00,1327.650713
2024-12-20 18:15,1327.164363
2024-12-20 18:30,1318.29449
2024-12-20 18:45,1326.276647
2024-12-20 19:00,1319.558043
2024-12-20 19:15,1319.071694
2024-12-20 19:30,1310.201821
2024-12-20 19:45,1318.183978
2024-12-20 20:00,1319.558043
2024-12-20 20:15,1315.270497
2024-12-20 20:30,1306.400625
2024-12-20 20:45,1314.382781
2024-12-20 21:00,1316.623231
2024-12-20 21:15,1316.136882
2024-12-20 21:30,1307.267009
2024-12-20 21:45,1315.249166
2024-12-20 22:00,1289.986731
2024-12-20 22:15,1293.301578
2024-12-20 22:30,1284.431705
2024-12-20 22:45,1292.413861
2024-12-20 23:00,1293.787927
2024-12-20 23:15,1288.847034
2024-12-20 23:30,1279.977162
2024-12-20 23:45,1287.959318
2024-12-20 0:00,1289.992166
2024-12-21 0:15,1289.11124
2024-12-21 0:30,1280.241367
2024-12-21 0:45,1288.223524
2024-12-21 1:00,1289.635772
2024-12-21 1:15,1289.149422
2024-12-21 1:30,1280.279549
2024-12-21 1:45,1288.261706
2024-12-21 2:00,1288.108946
2024-12-21 2:15,1287.622596
2024-12-21 2:30,1278.752724
2024-12-21 2:45,1286.73488
2024-12-21 3:00,1288.108946
2024-12-21 3:15,1287.622596
2024-12-21 3:30,1278.752724
2024-12-21 3:45,1286.73488
2024-12-21 4:00,1288.108946
2024-12-21 4:15,1287.622596
2024-12-21 4:30,1278.752724
2024-12-21 4:45,1286.73488
2024-12-21 5:00,1288.108946
2024-12-21 5:15,1287.622596
2024-12-21 5:30,1278.752724
2024-12-21 5:45,1286.73488
2024-12-21 6:00,1288.180564
2024-12-21 6:15,1287.694214
2024-12-21 6:30,1278.824342
2024-12-21 6:45,1286.806498
2024-12-21 7:00,1288.230777
2024-12-21 7:15,1287.744428
2024-12-21 7:30,1278.874555
2024-12-21 7:45,1286.856712
2024-12-21 8:00,1313.668774
2024-12-21 8:15,1313.182424
2024-12-21 8:30,1304.312551
2024-12-21 8:45,1312.294708
2024-12-21 9:00,1318.355321
2024-12-21 9:15,1318.522318
2024-12-21 9:30,1309.652446
2024-12-21 9:45,1317.634602
2024-12-21 10:00,1319.008668
2024-12-21 10:15,1322.323515
2024-12-21 10:30,1313.453642
2024-12-21 10:45,1321.435799
2024-12-21 11:00,1315.955228
2024-12-21 11:15,1315.468879
2024-12-21 11:30,1306.599006
2024-12-21 11:45,1314.581162
2024-12-21 12:00,1318.105213
2024-12-21 12:15,1313.817667
2024-12-21 12:30,1304.947794
2024-12-21 12:45,1312.92995
2024-12-21 13:00,1313.366014
2024-12-21 13:15,1312.879664
2024-12-21 13:30,1304.009791
2024-12-21 13:45,1311.991948
2024-12-21 14:00,1316.328646
2024-12-21 14:15,1315.842296
2024-12-21 14:30,1306.972424
2024-12-21 14:45,1314.95458
2024-12-21 15:00,1316.328646
2024-12-21 15:15,1315.842296
2024-12-21 15:30,1306.972424
2024-12-21 15:45,1314.95458
2024-12-21 16:00,1319.37496
2024-12-21 16:15,1318.888611
2024-12-21 16:30,1310.018738
2024-12-21 16:45,1318.000895
2024-12-21 17:00,1320.50518
2024-12-21 17:15,1323.820026
2024-12-21 17:30,1314.950154
2024-12-21 17:45,1322.93231
2024-12-21 18:00,1327.221842
2024-12-21 18:15,1326.735492
2024-12-21 18:30,1317.86562
2024-12-21 18:45,1325.847776
2024-12-21 19:00,1319.129173
2024-12-21 19:15,1318.642823
2024-12-21 19:30,1309.77295
2024-12-21 19:45,1317.755107
2024-12-21 20:00,1319.129173
2024-12-21 20:15,1314.841626
2024-12-21 20:30,1305.971754
2024-12-21 20:45,1313.95391
2024-12-21 21:00,1316.194361
2024-12-21 21:15,1315.708011
2024-12-21 21:30,1306.838138
2024-12-21 21:45,1314.820295
2024-12-21 22:00,1289.55786
2024-12-21 22:15,1292.872707
2024-12-21 22:30,1284.002834
2024-12-21 22:45,1291.98499
2024-12-21 23:00,1293.359056
2024-12-21 23:15,1288.418164
2024-12-21 23:30,1279.548291
2024-12-21 23:45,1287.530447
2024-12-21 0:00,1289.597589
2024-12-22 0:15,1287.980167
2024-12-22 0:30,1279.110294
2024-12-22 0:45,1287.092451
2024-12-22 1:00,1288.504699
2024-12-22 1:15,1288.018349
2024-12-22 1:30,1279.148477
2024-12-22 1:45,1287.130633
2024-12-22 2:00,1286.977873
2024-12-22 2:15,1286.491523
2024-12-22 2:30,1277.621651
2024-12-22 2:45,1285.603807
2024-12-22 3:00,1286.977873
2024-12-22 3:15,1286.491523
2024-12-22 3:30,1277.621651
2024-12-22 3:45,1285.603807
2024-12-22 4:00,1286.977873
2024-12-22 4:15,1286.491523
2024-12-22 4:30,1277.621651
2024-12-22 4:45,1285.603807
2024-12-22 5:00,1286.977873
2024-12-22 5:15,1286.491523
2024-12-22 5:30,1277.621651
2024-12-22 5:45,1285.603807
2024-12-22 6:00,1287.049491
2024-12-22 6:15,1286.563142
2024-12-22 6:30,1277.693269
2024-12-22 6:45,1285.675425
2024-12-22 7:00,1287.099705
2024-12-22 7:15,1286.613355
2024-12-22 7:30,1277.743482
2024-12-22 7:45,1285.725639
2024-12-22 8:00,1312.537701
2024-12-22 8:15,1312.051351
2024-12-22 8:30,1303.181479
2024-12-22 8:45,1311.163635
2024-12-22 9:00,1318.146893
2024-12-22 9:15,1317.660544
2024-12-22 9:30,1308.790671
2024-12-22 9:45,1316.772828
2024-12-22 10:00,1318.146893
2024-12-22 10:15,1317.660544
2024-12-22 10:30,1308.790671
2024-12-22 10:45,1316.772828
2024-12-22 11:00,1310.534671
2024-12-22 11:15,1310.048321
2024-12-22 11:30,1301.178449
2024-12-22 11:45,1309.160605
2024-12-22 12:00,1312.684656
2024-12-22 12:15,1312.198306
2024-12-22 12:30,1303.328433
2024-12-22 12:45,1311.31059
2024-12-22 13:00,1311.746653
2024-12-22 13:15,1311.260303
2024-12-22 13:30,1302.390431
2024-12-22 13:45,1310.372587
2024-12-22 14:00,1315.466871
2024-12-22 14:15,1314.980522
2024-12-22 14:30,1306.110649
2024-12-22 14:45,1314.092805
2024-12-22 15:00,1315.466871
2024-12-22 15:15,1314.980522
2024-12-22 15:30,1306.110649
2024-12-22 15:45,1314.092805
2024-12-22 16:00,1317.590541
2024-12-22 16:15,1317.104191
2024-12-22 16:30,1308.234319
2024-12-22 16:45,1316.216475
2024-12-22 17:00,1318.72076
2024-12-22 17:15,1318.23441
2024-12-22 17:30,1309.364538
2024-12-22 17:45,1317.346694
2024-12-22 18:00,1321.636226
2024-12-22 18:15,1321.149876
2024-12-22 18:30,1312.280004
2024-12-22 18:45,1320.26216
2024-12-22 19:00,1313.543557
2024-12-22 19:15,1313.057207
2024-12-22 19:30,1304.187334
2024-12-22 19:45,1312.169491
2024-12-22 20:00,1313.543557
2024-12-22 20:15,1313.057207
2024-12-22 20:30,1304.187334
2024-12-22 20:45,1312.169491
2024-12-22 21:00,1314.409941
2024-12-22 21:15,1313.923592
2024-12-22 21:30,1305.053719
2024-12-22 21:45,1313.035875
2024-12-22 22:00,1287.77344
2024-12-22 22:15,1287.287091
2024-12-22 22:30,1278.417218
2024-12-22 22:45,1286.399375
2024-12-22 23:00,1287.77344
2024-12-22 23:15,1287.287091
2024-12-22 23:30,1278.417218
2024-12-22 23:45,1286.399375
2024-12-22 0:00,1288.466517
2024-12-23 0:15,1287.701514
2024-12-23 0:30,1278.831641
2024-12-23 0:45,1286.813797
2024-12-23 1:00,1288.226045
2024-12-23 1:15,1287.739696
2024-12-23 1:30,1278.869823
2024-12-23 1:45,1286.85198
2024-12-23 2:00,1286.69922
2024-12-23 2:15,1286.21287
2024-12-23 2:30,1277.342997
2024-12-23 2:45,1285.325154
2024-12-23 3:00,1286.69922
2024-12-23 3:15,1286.21287
2024-12-23 3:30,1277.342997
2024-12-23 3:45,1285.325154
2024-12-23 4:00,1286.69922
2024-12-23 4:15,1286.21287
2024-12-23 4:30,1277.342997
2024-12-23 4:45,1285.325154
2024-12-23 5:00,1286.69922
2024-12-23 5:15,1286.21287
2024-12-23 5:30,1277.342997
2024-12-23 5:45,1285.325154
2024-12-23 6:00,1286.770838
2024-12-23 6:15,1286.284488
2024-12-23 6:30,1277.414616
2024-12-23 6:45,1285.396772
2024-12-23 7:00,1286.821051
2024-12-23 7:15,1286.334702
2024-12-23 7:30,1277.464829
2024-12-23 7:45,1285.446985
2024-12-23 8:00,1312.259047
2024-12-23 8:15,1311.772698
2024-12-23 8:30,1302.902825
2024-12-23 8:45,1310.884982
2024-12-23 9:00,1317.86824
2024-12-23 9:15,1317.38189
2024-12-23 9:30,1308.512018
2024-12-23 9:45,1316.494174
2024-12-23 10:00,1317.86824
2024-12-23 10:15,1317.38189
2024-12-23 10:30,1308.512018
2024-12-23 10:45,1316.494174
2024-12-23 11:00,1310.256018
2024-12-23 11:15,1309.769668
2024-12-23 11:30,1300.899795
2024-12-23 11:45,1308.881952
2024-12-23 12:00,1312.406002
2024-12-23 12:15,1311.919653
2024-12-23 12:30,1303.04978
2024-12-23 12:45,1311.031936
2024-12-23 13:00,1311.468
2024-12-23 13:15,1310.98165
2024-12-23 13:30,1302.111777
2024-12-23 13:45,1310.093934
2024-12-23 14:00,1315.188218
2024-12-23 14:15,1314.701868
2024-12-23 14:30,1305.831996
2024-12-23 14:45,1313.814152
2024-12-23 15:00,1315.188218
2024-12-23 15:15,1314.701868
2024-12-23 15:30,1305.831996
2024-12-23 15:45,1313.814152
2024-12-23 16:00,1317.311888
2024-12-23 16:15,1316.825538
2024-12-23 16:30,1307.955665
2024-12-23 16:45,1315.937822
2024-12-23 17:00,1318.442107
2024-12-23 17:15,1317.955757
2024-12-23 17:30,1309.085885
2024-12-23 17:45,1317.068041
2024-12-23 18:00,1321.357572
2024-12-23 18:15,1320.871223
2024-12-23 18:30,1312.00135
2024-12-23 18:45,1319.983507
2024-12-23 19:00,1313.264903
2024-12-23 19:15,1312.778554
2024-12-23 19:30,1303.908681
2024-12-23 19:45,1311.890837
2024-12-23 20:00,1313.264903
2024-12-23 20:15,1312.778554
2024-12-23 20:30,1303.908681
2024-12-23 20:45,1311.890837
2024-12-23 21:00,1314.131288
2024-12-23 21:15,1313.644938
2024-12-23 21:30,1304.775066
2024-12-23 21:45,1312.757222
2024-12-23 22:00,1287.494787
2024-12-23 22:15,1287.008437
2024-12-23 22:30,1278.138565
2024-12-23 22:45,1286.120721
2024-12-23 23:00,1287.494787
2024-12-23 23:15,1287.008437
2024-12-23 23:30,1278.138565
2024-12-23 23:45,1286.120721
2024-12-23 0:00,1288.187863
2024-12-24 0:15,1288.204296
2024-12-24 0:30,1279.334424
2024-12-24 0:45,1287.31658
2024-12-24 1:00,1288.728828
2024-12-24 1:15,1288.242478
2024-12-24 1:30,1279.372606
2024-12-24 1:45,1287.354762
2024-12-24 2:00,1287.202002
2024-12-24 2:15,1286.715653
2024-12-24 2:30,1277.84578
2024-12-24 2:45,1285.827936
2024-12-24 3:00,1287.202002
2024-12-24 3:15,1286.715653
2024-12-24 3:30,1277.84578
2024-12-24 3:45,1285.827936
2024-12-24 4:00,1287.202002
2024-12-24 4:15,1286.715653
2024-12-24 4:30,1277.84578
2024-12-24 4:45,1285.827936
2024-12-24 5:00,1287.202002
2024-12-24 5:15,1286.715653
2024-12-24 5:30,1277.84578
2024-12-24 5:45,1285.827936
2024-12-24 6:00,1287.27362
2024-12-24 6:15,1286.787271
2024-12-24 6:30,1277.917398
2024-12-24 6:45,1285.899555
2024-12-24 7:00,1287.323834
2024-12-24 7:15,1286.837484
2024-12-24 7:30,1277.967612
2024-12-24 7:45,1285.949768
2024-12-24 8:00,1312.76183
2024-12-24 8:15,1312.27548
2024-12-24 8:30,1303.405608
2024-12-24 8:45,1311.387764
2024-12-24 9:00,1318.371023
2024-12-24 9:15,1318.538019
2024-12-24 9:30,1309.668147
2024-12-24 9:45,1317.650303
2024-12-24 10:00,1319.024369
2024-12-24 10:15,1322.339216
2024-12-24 10:30,1313.469343
2024-12-24 10:45,1321.4515
2024-12-24 11:00,1315.213343
2024-12-24 11:15,1314.726994
2024-12-24 11:30,1305.857121
2024-12-24 11:45,1313.839277
2024-12-24 12:00,1317.363328
2024-12-24 12:15,1313.075782
2024-12-24 12:30,1304.205909
2024-12-24 12:45,1312.188065
2024-12-24 13:00,1312.624129
2024-12-24 13:15,1312.137779
2024-12-24 13:30,1303.267906
2024-12-24 13:45,1311.250063
2024-12-24 14:00,1316.344347
2024-12-24 14:15,1315.857997
2024-12-24 14:30,1306.988125
2024-12-24 14:45,1314.970281
2024-12-24 15:00,1316.344347
2024-12-24 15:15,1315.857997
2024-12-24 15:30,1306.988125
2024-12-24 15:45,1314.970281
2024-12-24 16:00,1318.468017
2024-12-24 16:15,1317.981667
2024-12-24 16:30,1309.111795
2024-12-24 16:45,1317.093951
2024-12-24 17:00,1319.598236
2024-12-24 17:15,1322.913083
2024-12-24 17:30,1314.04321
2024-12-24 17:45,1322.025367
2024-12-24 18:00,1326.314898
2024-12-24 18:15,1325.828548
2024-12-24 18:30,1316.958676
2024-12-24 18:45,1324.940832
2024-12-24 19:00,1318.222229
2024-12-24 19:15,1317.735879
2024-12-24 19:30,1308.866007
2024-12-24 19:45,1316.848163
2024-12-24 20:00,1318.222229
2024-12-24 20:15,1313.934683
2024-12-24 20:30,1305.06481
2024-12-24 20:45,1313.046967
2024-12-24 21:00,1315.287417
2024-12-24 21:15,1314.801067
2024-12-24 21:30,1305.931195
2024-12-24 21:45,1313.913351
2024-12-24 22:00,1288.650916
2024-12-24 22:15,1291.965763
2024-12-24 22:30,1283.09589
2024-12-24 22:45,1291.078047
2024-12-24 23:00,1292.452113
2024-12-24 23:15,1287.51122
2024-12-24 23:30,1278.641347
2024-12-24 23:45,1286.623504
2024-12-24 0:00,1288.690646
2024-12-25 0:15,1288.204296
2024-12-25 0:30,1279.334424
2024-12-25 0:45,1287.31658
2024-12-25 1:00,1288.728828
2024-12-25 1:15,1288.242478
2024-12-25 1:30,1279.372606
2024-12-25 1:45,1287.354762
2024-12-25 2:00,1287.202002
2024-12-25 2:15,1286.715653
2024-12-25 2:30,1277.84578
2024-12-25 2:45,1285.827936
2024-12-25 3:00,1287.202002
2024-12-25 3:15,1286.715653
2024-12-25 3:30,1277.84578
2024-12-25 3:45,1285.827936
2024-12-25 4:00,1287.202002
2024-12-25 4:15,1286.715653
2024-12-25 4:30,1277.84578
2024-12-25 4:45,1285.827936
2024-12-25 5:00,1287.202002
2024-12-25 5:15,1286.715653
2024-12-25 5:30,1277.84578
2024-12-25 5:45,1285.827936
2024-12-25 6:00,1287.27362
2024-12-25 6:15,1286.787271
2024-12-25 6:30,1277.917398
2024-12-25 6:45,1285.899555
2024-12-25 7:00,1287.323834
2024-12-25 7:15,1286.837484
2024-12-25 7:30,1277.967612
2024-12-25 7:45,1285.949768
2024-12-25 8:00,1312.76183
2024-12-25 8:15,1312.27548
2024-12-25 8:30,1303.405608
2024-12-25 8:45,1311.387764
2024-12-25 9:00,1318.371023
2024-12-25 9:15,1317.884673
2024-12-25 9:30,1309.0148
2024-12-25 9:45,1316.996957
2024-12-25 10:00,1318.371023
2024-12-25 10:15,1317.884673
2024-12-25 10:30,1309.0148
2024-12-25 10:45,1316.996957
2024-12-25 11:00,1310.7588
2024-12-25 11:15,1310.272451
2024-12-25 11:30,1301.402578
2024-12-25 11:45,1309.384734
2024-12-25 12:00,1312.908785
2024-12-25 12:15,1312.422435
2024-12-25 12:30,1303.552562
2024-12-25 12:45,1311.534719
2024-12-25 13:00,1311.970782
2024-12-25 13:15,1311.484432
2024-12-25 13:30,1302.61456
2024-12-25 13:45,1310.596716
2024-12-25 14:00,1315.691
2024-12-25 14:15,1315.204651
2024-12-25 14:30,1306.334778
2024-12-25 14:45,1314.316935
2024-12-25 15:00,1315.691
2024-12-25 15:15,1315.204651
2024-12-25 15:30,1306.334778
2024-12-25 15:45,1314.316935
2024-12-25 16:00,1317.81467
2024-12-25 16:15,1317.328321
2024-12-25 16:30,1308.458448
2024-12-25 16:45,1316.440604
2024-12-25 17:00,1318.944889
2024-12-25 17:15,1318.45854
2024-12-25 17:30,1309.588667
2024-12-25 17:45,1317.570823
2024-12-25 18:00,1321.860355
2024-12-25 18:15,1321.374005
2024-12-25 18:30,1312.504133
2024-12-25 18:45,1320.486289
2024-12-25 19:00,1313.767686
2024-12-25 19:15,1313.281336
2024-12-25 19:30,1304.411464
2024-12-25 19:45,1312.39362
2024-12-25 20:00,1313.767686
2024-12-25 20:15,1313.281336
2024-12-25 20:30,1304.411464
2024-12-25 20:45,1312.39362
2024-12-25 21:00,1314.63407
2024-12-25 21:15,1314.147721
2024-12-25 21:30,1305.277848
2024-12-25 21:45,1313.260005
2024-12-25 22:00,1287.99757
2024-12-25 22:15,1287.51122
2024-12-25 22:30,1278.641347
2024-12-25 22:45,1286.623504
2024-12-25 23:00,1287.99757
2024-12-25 23:15,1287.51122
2024-12-25 23:30,1278.641347
2024-12-25 23:45,1286.623504
2024-12-25 0:00,1288.690646
2024-12-26 0:15,1289.461114
2024-12-26 0:30,1280.591241
2024-12-26 0:45,1288.573398
2024-12-26 1:00,1289.985646
2024-12-26 1:15,1289.499296
2024-12-26 1:30,1280.629423
2024-12-26 1:45,1288.61158
2024-12-26 2:00,1288.45882
2024-12-26 2:15,1287.97247
2024-12-26 2:30,1279.102598
2024-12-26 2:45,1287.084754
2024-12-26 3:00,1288.45882
2024-12-26 3:15,1287.97247
2024-12-26 3:30,1279.102598
2024-12-26 3:45,1287.084754
2024-12-26 4:00,1288.493114
2024-12-26 4:15,1288.006764
2024-12-26 4:30,1279.136892
2024-12-26 4:45,1287.119048
2024-12-26 5:00,1288.493114
2024-12-26 5:15,1288.006764
2024-12-26 5:30,1279.136892
2024-12-26 5:45,1287.119048
2024-12-26 6:00,1288.564732
2024-12-26 6:15,1288.078382
2024-12-26 6:30,1279.20851
2024-12-26 6:45,1287.190666
2024-12-26 7:00,1288.614946
2024-12-26 7:15,1288.128596
2024-12-26 7:30,1279.258723
2024-12-26 7:45,1287.24088
2024-12-26 8:00,1314.052942
2024-12-26 8:15,1313.566592
2024-12-26 8:30,1304.696719
2024-12-26 8:45,1312.678876
2024-12-26 9:00,1318.739489
2024-12-26 9:15,1318.906486
2024-12-26 9:30,1310.036614
2024-12-26 9:45,1318.01877
2024-12-26 10:00,1319.392836
2024-12-26 10:15,1322.707683
2024-12-26 10:30,1313.83781
2024-12-26 10:45,1321.819967
2024-12-26 11:00,1316.339396
2024-12-26 11:15,1315.853047
2024-12-26 11:30,1306.983174
2024-12-26 11:45,1314.965331
2024-12-26 12:00,1318.489381
2024-12-26 12:15,1314.201835
2024-12-26 12:30,1305.331962
2024-12-26 12:45,1313.314119
2024-12-26 13:00,1313.750182
2024-12-26 13:15,1313.263832
2024-12-26 13:30,1304.39396
2024-12-26 13:45,1312.376116
2024-12-26 14:00,1316.712814
2024-12-26 14:15,1316.226464
2024-12-26 14:30,1307.356592
2024-12-26 14:45,1315.338748
2024-12-26 15:00,1316.712814
2024-12-26 15:15,1316.226464
2024-12-26 15:30,1307.356592
2024-12-26 15:45,1315.338748
2024-12-26 16:00,1319.759129
2024-12-26 16:15,1319.272779
2024-12-26 16:30,1310.402906
2024-12-26 16:45,1318.385063
2024-12-26 17:00,1320.889348
2024-12-26 17:15,1324.204194
2024-12-26 17:30,1315.334322
2024-12-26 17:45,1323.316478
2024-12-26 18:00,1327.60601
2024-12-26 18:15,1327.11966
2024-12-26 18:30,1318.249788
2024-12-26 18:45,1326.231944
2024-12-26 19:00,1319.513341
2024-12-26 19:15,1319.026991
2024-12-26 19:30,1310.157118
2024-12-26 19:45,1318.139275
2024-12-26 20:00,1319.513341
2024-12-26 20:15,1315.225795
2024-12-26 20:30,1306.355922
2024-12-26 20:45,1314.338078
2024-12-26 21:00,1316.578529
2024-12-26 21:15,1316.092179
2024-12-26 21:30,1307.222306
2024-12-26 21:45,1315.204463
2024-12-26 22:00,1289.942028
2024-12-26 22:15,1293.256875
2024-12-26 22:30,1284.387002
2024-12-26 22:45,1292.369159
2024-12-26 23:00,1293.743224
2024-12-26 23:15,1288.802332
2024-12-26 23:30,1279.932459
2024-12-26 23:45,1287.914615
2024-12-26 0:00,1289.947463
2024-12-27 0:15,1289.505817
2024-12-27 0:30,1280.635944
2024-12-27 0:45,1288.6181
2024-12-27 1:00,1290.030348
2024-12-27 1:15,1289.543999
2024-12-27 1:30,1280.674126
2024-12-27 1:45,1288.656283
2024-12-27 2:00,1288.503523
2024-12-27 2:15,1288.017173
2024-12-27 2:30,1279.1473
2024-12-27 2:45,1287.129457
2024-12-27 3:00,1288.503523
2024-12-27 3:15,1288.017173
2024-12-27 3:30,1279.1473
2024-12-27 3:45,1287.129457
2024-12-27 4:00,1288.537817
2024-12-27 4:15,1288.051467
2024-12-27 4:30,1279.181595
2024-12-27 4:45,1287.163751
2024-12-27 5:00,1288.537817
2024-12-27 5:15,1288.051467
2024-12-27 5:30,1279.181595
2024-12-27 5:45,1287.163751
2024-12-27 6:00,1288.609435
2024-12-27 6:15,1288.123085
2024-12-27 6:30,1279.253213
2024-12-27 6:45,1287.235369
2024-12-27 7:00,1288.659648
2024-12-27 7:15,1288.173299
2024-12-27 7:30,1279.303426
2024-12-27 7:45,1287.285583
2024-12-27 8:00,1314.097644
2024-12-27 8:15,1313.611295
2024-12-27 8:30,1304.741422
2024-12-27 8:45,1312.723579
2024-12-27 9:00,1318.784192
2024-12-27 9:15,1318.951189
2024-12-27 9:30,1310.081317
2024-12-27 9:45,1318.063473
2024-12-27 10:00,1319.437539
2024-12-27 10:15,1322.752386
2024-12-27 10:30,1313.882513
2024-12-27 10:45,1321.86467
2024-12-27 11:00,1316.384099
2024-12-27 11:15,1315.89775
2024-12-27 11:30,1307.027877
2024-12-27 11:45,1315.010033
2024-12-27 12:00,1318.534084
2024-12-27 12:15,1314.246538
2024-12-27 12:30,1305.376665
2024-12-27 12:45,1313.358821
2024-12-27 13:00,1313.794885
2024-12-27 13:15,1313.308535
2024-12-27 13:30,1304.438662
2024-12-27 13:45,1312.420819
2024-12-27 14:00,1316.757517
2024-12-27 14:15,1316.271167
2024-12-27 14:30,1307.401295
2024-12-27 14:45,1315.383451
2024-12-27 15:00,1316.757517
2024-12-27 15:15,1316.271167
2024-12-27 15:30,1307.401295
2024-12-27 15:45,1315.383451
2024-12-27 16:00,1319.803831
2024-12-27 16:15,1319.317482
2024-12-27 16:30,1310.447609
2024-12-27 16:45,1318.429766
2024-12-27 17:00,1320.93405
2024-12-27 17:15,1324.248897
2024-12-27 17:30,1315.379025
2024-12-27 17:45,1323.361181
2024-12-27 18:00,1327.650713
2024-12-27 18:15,1327.164363
2024-12-27 18:30,1318.29449
2024-12-27 18:45,1326.276647
2024-12-27 19:00,1319.558043
2024-12-27 19:15,1319.071694
2024-12-27 19:30,1310.201821
2024-12-27 19:45,1318.183978
2024-12-27 20:00,1319.558043
2024-12-27 20:15,1315.270497
2024-12-27 20:30,1306.400625
2024-12-27 20:45,1314.382781
2024-12-27 21:00,1316.623231
2024-12-27 21:15,1316.136882
2024-12-27 21:30,1307.267009
2024-12-27 21:45,1315.249166
2024-12-27 22:00,1289.986731
2024-12-27 22:15,1293.301578
2024-12-27 22:30,1284.431705
2024-12-27 22:45,1292.413861
2024-12-27 23:00,1293.787927
2024-12-27 23:15,1288.847034
2024-12-27 23:30,1279.977162
2024-12-27 23:45,1287.959318
2024-12-27 0:00,1289.992166
2024-12-28 0:15,1289.11124
2024-12-28 0:30,1280.241367
2024-12-28 0:45,1288.223524
2024-12-28 1:00,1289.635772
2024-12-28 1:15,1289.149422
2024-12-28 1:30,1280.279549
2024-12-28 1:45,1288.261706
2024-12-28 2:00,1288.108946
2024-12-28 2:15,1287.622596
2024-12-28 2:30,1278.752724
2024-12-28 2:45,1286.73488
2024-12-28 3:00,1288.108946
2024-12-28 3:15,1287.622596
2024-12-28 3:30,1278.752724
2024-12-28 3:45,1286.73488
2024-12-28 4:00,1288.108946
2024-12-28 4:15,1287.622596
2024-12-28 4:30,1278.752724
2024-12-28 4:45,1286.73488
2024-12-28 5:00,1288.108946
2024-12-28 5:15,1287.622596
2024-12-28 5:30,1278.752724
2024-12-28 5:45,1286.73488
2024-12-28 6:00,1288.180564
2024-12-28 6:15,1287.694214
2024-12-28 6:30,1278.824342
2024-12-28 6:45,1286.806498
2024-12-28 7:00,1288.230777
2024-12-28 7:15,1287.744428
2024-12-28 7:30,1278.874555
2024-12-28 7:45,1286.856712
2024-12-28 8:00,1313.668774
2024-12-28 8:15,1313.182424
2024-12-28 8:30,1304.312551
2024-12-28 8:45,1312.294708
2024-12-28 9:00,1318.355321
2024-12-28 9:15,1318.522318
2024-12-28 9:30,1309.652446
2024-12-28 9:45,1317.634602
2024-12-28 10:00,1319.008668
2024-12-28 10:15,1322.323515
2024-12-28 10:30,1313.453642
2024-12-28 10:45,1321.435799
2024-12-28 11:00,1315.955228
2024-12-28 11:15,1315.468879
2024-12-28 11:30,1306.599006
2024-12-28 11:45,1314.581162
2024-12-28 12:00,1318.105213
2024-12-28 12:15,1313.817667
2024-12-28 12:30,1304.947794
2024-12-28 12:45,1312.92995
2024-12-28 13:00,1313.366014
2024-12-28 13:15,1312.879664
2024-12-28 13:30,1304.009791
2024-12-28 13:45,1311.991948
2024-12-28 14:00,1316.328646
2024-12-28 14:15,1315.842296
2024-12-28 14:30,1306.972424
2024-12-28 14:45,1314.95458
2024-12-28 15:00,1316.328646
2024-12-28 15:15,1315.842296
2024-12-28 15:30,1306.972424
2024-12-28 15:45,1314.95458
2024-12-28 16:00,1319.37496
2024-12-28 16:15,1318.888611
2024-12-28 16:30,1310.018738
2024-12-28 16:45,1318.000895
2024-12-28 17:00,1320.50518
2024-12-28 17:15,1323.820026
2024-12-28 17:30,1314.950154
2024-12-28 17:45,1322.93231
2024-12-28 18:00,1327.221842
2024-12-28 18:15,1326.735492
2024-12-28 18:30,1317.86562
2024-12-28 18:45,1325.847776
2024-12-28 19:00,1319.129173
2024-12-28 19:15,1318.642823
2024-12-28 19:30,1309.77295
2024-12-28 19:45,1317.755107
2024-12-28 20:00,1319.129173
2024-12-28 20:15,1314.841626
2024-12-28 20:30,1305.971754
2024-12-28 20:45,1313.95391
2024-12-28 21:00,1316.194361
2024-12-28 21:15,1315.708011
2024-12-28 21:30,1306.838138
2024-12-28 21:45,1314.820295
2024-12-28 22:00,1289.55786
2024-12-28 22:15,1292.872707
2024-12-28 22:30,1284.002834
2024-12-28 22:45,1291.98499
2024-12-28 23:00,1293.359056
2024-12-28 23:15,1288.418164
2024-12-28 23:30,1279.548291
2024-12-28 23:45,1287.530447
2024-12-28 0:00,1289.597589
2024-12-29 0:15,1289.11124
2024-12-29 0:30,1280.241367
2024-12-29 0:45,1288.223524
2024-12-29 1:00,1289.635772
2024-12-29 1:15,1289.149422
2024-12-29 1:30,1280.279549
2024-12-29 1:45,1288.261706
2024-12-29 2:00,1288.108946
2024-12-29 2:15,1287.622596
2024-12-29 2:30,1278.752724
2024-12-29 2:45,1286.73488
2024-12-29 3:00,1288.108946
2024-12-29 3:15,1287.622596
2024-12-29 3:30,1278.752724
2024-12-29 3:45,1286.73488
2024-12-29 4:00,1288.108946
2024-12-29 4:15,1287.622596
2024-12-29 4:30,1278.752724
2024-12-29 4:45,1286.73488
2024-12-29 5:00,1288.108946
2024-12-29 5:15,1287.622596
2024-12-29 5:30,1278.752724
2024-12-29 5:45,1286.73488
2024-12-29 6:00,1288.180564
2024-12-29 6:15,1287.694214
2024-12-29 6:30,1278.824342
2024-12-29 6:45,1286.806498
2024-12-29 7:00,1288.230777
2024-12-29 7:15,1287.744428
2024-12-29 7:30,1278.874555
2024-12-29 7:45,1286.856712
2024-12-29 8:00,1313.668774
2024-12-29 8:15,1313.182424
2024-12-29 8:30,1304.312551
2024-12-29 8:45,1312.294708
2024-12-29 9:00,1318.355321
2024-12-29 9:15,1317.868972
2024-12-29 9:30,1308.999099
2024-12-29 9:45,1316.981256
2024-12-29 10:00,1318.355321
2024-12-29 10:15,1317.868972
2024-12-29 10:30,1308.999099
2024-12-29 10:45,1316.981256
2024-12-29 11:00,1311.500685
2024-12-29 11:15,1311.014336
2024-12-29 11:30,1302.144463
2024-12-29 11:45,1310.126619
2024-12-29 12:00,1313.65067
2024-12-29 12:15,1313.16432
2024-12-29 12:30,1304.294447
2024-12-29 12:45,1312.276604
2024-12-29 13:00,1312.712667
2024-12-29 13:15,1312.226317
2024-12-29 13:30,1303.356445
2024-12-29 13:45,1311.338601
2024-12-29 14:00,1315.675299
2024-12-29 14:15,1315.18895
2024-12-29 14:30,1306.319077
2024-12-29 14:45,1314.301233
2024-12-29 15:00,1315.675299
2024-12-29 15:15,1315.18895
2024-12-29 15:30,1306.319077
2024-12-29 15:45,1314.301233
2024-12-29 16:00,1318.721614
2024-12-29 16:15,1318.235264
2024-12-29 16:30,1309.365392
2024-12-29 16:45,1317.347548
2024-12-29 17:00,1319.851833
2024-12-29 17:15,1319.365483
2024-12-29 17:30,1310.495611
2024-12-29 17:45,1318.477767
2024-12-29 18:00,1322.767299
2024-12-29 18:15,1322.280949
2024-12-29 18:30,1313.411076
2024-12-29 18:45,1321.393233
2024-12-29 19:00,1314.674629
2024-12-29 19:15,1314.18828
2024-12-29 19:30,1305.318407
2024-12-29 19:45,1313.300564
2024-12-29 20:00,1314.674629
2024-12-29 20:15,1314.18828
2024-12-29 20:30,1305.318407
2024-12-29 20:45,1313.300564
2024-12-29 21:00,1315.541014
2024-12-29 21:15,1315.054664
2024-12-29 21:30,1306.184792
2024-12-29 21:45,1314.166948
2024-12-29 22:00,1288.904513
2024-12-29 22:15,1288.418164
2024-12-29 22:30,1279.548291
2024-12-29 22:45,1287.530447
2024-12-29 23:00,1288.904513
2024-12-29 23:15,1288.418164
2024-12-29 23:30,1279.548291
2024-12-29 23:45,1287.530447
2024-12-29 0:00,1289.597589
2024-12-30 0:15,1291.442908
2024-12-30 0:30,1282.573036
2024-12-30 0:45,1290.555192
2024-12-30 1:00,1291.96744
2024-12-30 1:15,1291.48109
2024-12-30 1:30,1282.611218
2024-12-30 1:45,1290.593374
2024-12-30 2:00,1290.440614
2024-12-30 2:15,1289.954265
2024-12-30 2:30,1281.084392
2024-12-30 2:45,1289.066549
2024-12-30 3:00,1290.440614
2024-12-30 3:15,1289.954265
2024-12-30 3:30,1281.084392
2024-12-30 3:45,1289.066549
2024-12-30 4:00,1290.440614
2024-12-30 4:15,1289.954265
2024-12-30 4:30,1281.084392
2024-12-30 4:45,1289.066549
2024-12-30 5:00,1290.440614
2024-12-30 5:15,1289.954265
2024-12-30 5:30,1281.084392
2024-12-30 5:45,1289.066549
2024-12-30 6:00,1290.512233
2024-12-30 6:15,1290.025883
2024-12-30 6:30,1281.15601
2024-12-30 6:45,1289.138167
2024-12-30 7:00,1290.562446
2024-12-30 7:15,1290.076096
2024-12-30 7:30,1281.206224
2024-12-30 7:45,1289.18838
2024-12-30 8:00,1316.000442
2024-12-30 8:15,1315.514092
2024-12-30 8:30,1306.64422
2024-12-30 8:45,1314.626376
2024-12-30 9:00,1320.68699
2024-12-30 9:15,1320.20064
2024-12-30 9:30,1311.330768
2024-12-30 9:45,1319.312924
2024-12-30 10:00,1320.68699
2024-12-30 10:15,1320.20064
2024-12-30 10:30,1311.330768
2024-12-30 10:45,1319.312924
2024-12-30 11:00,1313.832354
2024-12-30 11:15,1313.346004
2024-12-30 11:30,1304.476131
2024-12-30 11:45,1312.458288
2024-12-30 12:00,1315.982338
2024-12-30 12:15,1315.495989
2024-12-30 12:30,1306.626116
2024-12-30 12:45,1314.608272
2024-12-30 13:00,1315.044336
2024-12-30 13:15,1314.557986
2024-12-30 13:30,1305.688113
2024-12-30 13:45,1313.67027
2024-12-30 14:00,1318.006968
2024-12-30 14:15,1317.520618
2024-12-30 14:30,1308.650746
2024-12-30 14:45,1316.632902
2024-12-30 15:00,1318.006968
2024-12-30 15:15,1317.520618
2024-12-30 15:30,1308.650746
2024-12-30 15:45,1316.632902
2024-12-30 16:00,1321.053282
2024-12-30 16:15,1320.566933
2024-12-30 16:30,1311.69706
2024-12-30 16:45,1319.679217
2024-12-30 17:00,1322.183501
2024-12-30 17:15,1321.697152
2024-12-30 17:30,1312.827279
2024-12-30 17:45,1320.809436
2024-12-30 18:00,1325.098967
2024-12-30 18:15,1324.612618
2024-12-30 18:30,1315.742745
2024-12-30 18:45,1323.724901
2024-12-30 19:00,1317.006298
2024-12-30 19:15,1316.519948
2024-12-30 19:30,1307.650076
2024-12-30 19:45,1315.632232
2024-12-30 20:00,1317.006298
2024-12-30 20:15,1316.519948
2024-12-30 20:30,1307.650076
2024-12-30 20:45,1315.632232
2024-12-30 21:00,1317.872682
2024-12-30 21:15,1317.386333
2024-12-30 21:30,1308.51646
2024-12-30 21:45,1316.498617
2024-12-30 22:00,1291.236182
2024-12-30 22:15,1290.749832
2024-12-30 22:30,1281.879959
2024-12-30 22:45,1289.862116
2024-12-30 23:00,1291.236182
2024-12-30 23:15,1290.749832
2024-12-30 23:30,1281.879959
2024-12-30 23:45,1289.862116
2024-12-30 0:00,1291.929258
2024-12-31 0:15,1291.945691
2024-12-31 0:30,1283.075818
2024-12-31 0:45,1291.057975
2024-12-31 1:00,1292.470223
2024-12-31 1:15,1291.983873
2024-12-31 1:30,1283.114
2024-12-31 1:45,1291.096157
2024-12-31 2:00,1290.943397
2024-12-31 2:15,1290.457047
2024-12-31 2:30,1281.587175
2024-12-31 2:45,1289.569331
2024-12-31 3:00,1290.943397
2024-12-31 3:15,1290.457047
2024-12-31 3:30,1281.587175
2024-12-31 3:45,1289.569331
2024-12-31 4:00,1290.943397
2024-12-31 4:15,1290.457047
2024-12-31 4:30,1281.587175
2024-12-31 4:45,1289.569331
2024-12-31 5:00,1290.943397
2024-12-31 5:15,1290.457047
2024-12-31 5:30,1281.587175
2024-12-31 5:45,1289.569331
2024-12-31 6:00,1291.015015
2024-12-31 6:15,1290.528665
2024-12-31 6:30,1281.658793
2024-12-31 6:45,1289.640949
2024-12-31 7:00,1291.065229
2024-12-31 7:15,1290.578879
2024-12-31 7:30,1281.709006
2024-12-31 7:45,1289.691163
2024-12-31 8:00,1316.503225
2024-12-31 8:15,1316.016875
2024-12-31 8:30,1307.147002
2024-12-31 8:45,1315.129159
2024-12-31 9:00,1321.189772
2024-12-31 9:15,1320.703423
2024-12-31 9:30,1311.83355
2024-12-31 9:45,1319.815707
2024-12-31 10:00,1321.189772
2024-12-31 10:15,1320.703423
2024-12-31 10:30,1311.83355
2024-12-31 10:45,1319.815707
2024-12-31 11:00,1314.335136
2024-12-31 11:15,1313.848787
2024-12-31 11:30,1304.978914
2024-12-31 11:45,1312.96107
2024-12-31 12:00,1316.485121
2024-12-31 12:15,1315.998771
2024-12-31 12:30,1307.128899
2024-12-31 12:45,1315.111055
2024-12-31 13:00,1315.547118
2024-12-31 13:15,1315.060768
2024-12-31 13:30,1306.190896
2024-12-31 13:45,1314.173052
2024-12-31 14:00,1318.50975
2024-12-31 14:15,1318.023401
2024-12-31 14:30,1309.153528
2024-12-31 14:45,1317.135685
2024-12-31 15:00,1318.50975
2024-12-31 15:15,1318.023401
2024-12-31 15:30,1309.153528
2024-12-31 15:45,1317.135685
2024-12-31 16:00,1321.556065
2024-12-31 16:15,1321.069715
2024-12-31 16:30,1312.199843
2024-12-31 16:45,1320.181999
2024-12-31 17:00,1322.686284
2024-12-31 17:15,1322.199934
2024-12-31 17:30,1313.330062
2024-12-31 17:45,1321.312218
2024-12-31 18:00,1325.60175
2024-12-31 18:15,1325.1154
2024-12-31 18:30,1316.245528
2024-12-31 18:45,1324.227684
2024-12-31 19:00,1317.509081
2024-12-31 19:15,1317.022731
2024-12-31 19:30,1308.152858
2024-12-31 19:45,1316.135015
2024-12-31 20:00,1317.509081
2024-12-31 20:15,1317.022731
2024-12-31 20:30,1308.152858
2024-12-31 20:45,1316.135015
2024-12-31 21:00,1318.375465
2024-12-31 21:15,1317.889115
2024-12-31 21:30,1309.019243
2024-12-31 21:45,1317.001399
2024-12-31 22:00,1291.738964
2024-12-31 22:15,1291.252615
2024-12-31 22:30,1282.382742
2024-12-31 22:45,1290.364898
2024-12-31 23:00,1291.738964
2024-12-31 23:15,1291.252615
2024-12-31 23:30,1282.382742
2024-12-31 23:45,1290.364898
2024-12-31 0:00,1292.43204
