id,전기요금
32064,1293.745798
32065,1284.875925
32066,1292.858081
32067,1294.270329
32068,1293.78398
32069,1284.914107
32070,1292.896264
32071,1292.743504
32072,1292.257154
32073,1283.387282
32074,1291.369438
32075,1291.908567
32076,1291.422217
32077,1282.552345
32078,1290.534501
32079,1292.743504
32080,1292.257154
32081,1283.387282
32082,1291.369438
32083,1291.908567
32084,1291.422217
32085,1282.552345
32086,1290.534501
32087,1291.980185
32088,1291.493836
32089,1282.623963
32090,1290.606119
32091,1292.030399
32092,1291.544049
32093,1282.674176
32094,1290.656333
32095,1318.303331
32096,1317.816982
32097,1308.947109
32098,1316.929266
32099,1322.989879
32100,1323.156876
32101,1314.287004
32102,1322.26916
32103,1323.643226
32104,1326.958073
32105,1318.0882
32106,1326.070357
32107,1320.589786
32108,1320.103436
32109,1311.233564
32110,1319.21572
32111,1322.739771
32112,1318.452224
32113,1309.582352
32114,1317.564508
32115,1318.000571
32116,1317.514222
32117,1308.644349
32118,1316.626506
32119,1320.963204
32120,1320.476854
32121,1311.606982
32122,1319.589138
32123,1320.963204
32124,1320.476854
32125,1311.606982
32126,1319.589138
32127,1324.009518
32128,1323.523169
32129,1314.653296
32130,1322.635452
32131,1325.139737
32132,1328.454584
32133,1319.584712
32134,1327.566868
32135,1331.8564
32136,1331.37005
32137,1322.500177
32138,1330.482334
32139,1323.76373
32140,1323.277381
32141,1314.407508
32142,1322.389665
32143,1323.76373
32144,1319.476184
32145,1310.606312
32146,1318.588468
32147,1320.828918
32148,1320.342569
32149,1311.472696
32150,1319.454853
32151,1294.192418
32152,1297.507264
32153,1288.637392
32154,1296.619548
32155,1297.993614
32156,1293.052721
32157,1284.182849
32158,1292.165005
32159,1294.232147
32160,1291.43614
32161,1282.566268
32162,1290.548424
32163,1291.960672
32164,1291.474323
32165,1282.60445
32166,1290.586606
32167,1290.433847
32168,1289.947497
32169,1281.077624
32170,1289.059781
32171,1289.59891
32172,1289.11256
32173,1280.242688
32174,1288.224844
32175,1290.433847
32176,1289.947497
32177,1281.077624
32178,1289.059781
32179,1289.59891
32180,1289.11256
32181,1280.242688
32182,1288.224844
32183,1289.670528
32184,1289.184178
32185,1280.314306
32186,1288.296462
32187,1289.720742
32188,1289.234392
32189,1280.364519
32190,1288.346676
32191,1315.993674
32192,1315.507325
32193,1306.637452
32194,1314.619608
32195,1320.680222
32196,1320.193872
32197,1311.324
32198,1319.306156
32199,1320.680222
32200,1320.193872
32201,1311.324
32202,1319.306156
32203,1313.825586
32204,1313.339236
32205,1304.469364
32206,1312.45152
32207,1315.97557
32208,1315.489221
32209,1306.619348
32210,1314.601505
32211,1315.037568
32212,1314.551218
32213,1305.681346
32214,1313.663502
32215,1318.0002
32216,1317.51385
32217,1308.643978
32218,1316.626134
32219,1318.0002
32220,1317.51385
32221,1308.643978
32222,1316.626134
32223,1321.046515
32224,1320.560165
32225,1311.690292
32226,1319.672449
32227,1322.176734
32228,1321.690384
32229,1312.820511
32230,1320.802668
32231,1325.092199
32232,1324.60585
32233,1315.735977
32234,1323.718134
32235,1316.99953
32236,1316.513181
32237,1307.643308
32238,1315.625464
32239,1316.99953
32240,1316.513181
32241,1307.643308
32242,1315.625464
32243,1317.865915
32244,1317.379565
32245,1308.509692
32246,1316.491849
32247,1291.229414
32248,1290.743064
32249,1281.873192
32250,1289.855348
32251,1291.229414
32252,1290.743064
32253,1281.873192
32254,1289.855348
32255,1291.92249
32256,1291.938923
32257,1283.06905
32258,1291.051207
32259,1292.463455
32260,1291.977105
32261,1283.107233
32262,1291.089389
32263,1290.936629
32264,1290.45028
32265,1281.580407
32266,1289.562563
32267,1290.101693
32268,1289.615343
32269,1280.74547
32270,1288.727627
32271,1290.936629
32272,1290.45028
32273,1281.580407
32274,1289.562563
32275,1290.101693
32276,1289.615343
32277,1280.74547
32278,1288.727627
32279,1290.173311
32280,1289.686961
32281,1280.817088
32282,1288.799245
32283,1290.223524
32284,1289.737174
32285,1280.867302
32286,1288.849458
32287,1316.496457
32288,1316.010107
32289,1307.140235
32290,1315.122391
32291,1321.183005
32292,1321.350002
32293,1312.480129
32294,1320.462285
32295,1321.836351
32296,1325.151198
32297,1316.281326
32298,1324.263482
32299,1318.782912
32300,1318.296562
32301,1309.426689
32302,1317.408846
32303,1320.932896
32304,1316.64535
32305,1307.775477
32306,1315.757634
32307,1316.193697
32308,1315.707347
32309,1306.837475
32310,1314.819631
32311,1319.156329
32312,1318.66998
32313,1309.800107
32314,1317.782263
32315,1319.156329
32316,1318.66998
32317,1309.800107
32318,1317.782263
32319,1322.202644
32320,1321.716294
32321,1312.846422
32322,1320.828578
32323,1323.332863
32324,1326.64771
32325,1317.777837
32326,1325.759993
32327,1330.049525
32328,1329.563175
32329,1320.693303
32330,1328.675459
32331,1321.956856
32332,1321.470506
32333,1312.600634
32334,1320.58279
32335,1321.956856
32336,1317.66931
32337,1308.799437
32338,1316.781594
32339,1319.022044
32340,1318.535694
32341,1309.665822
32342,1317.647978
32343,1292.385543
32344,1295.70039
32345,1286.830517
32346,1294.812674
32347,1296.18674
32348,1291.245847
32349,1282.375974
32350,1290.358131
32351,1292.425273
32352,1291.27975
32353,1282.409878
32354,1290.392034
32355,1291.804282
32356,1291.317932
32357,1282.44806
32358,1290.430216
32359,1290.277456
32360,1289.791107
32361,1280.921234
32362,1288.903391
32363,1289.44252
32364,1288.95617
32365,1280.086298
32366,1288.068454
32367,1290.277456
32368,1289.791107
32369,1280.921234
32370,1288.903391
32371,1289.44252
32372,1288.95617
32373,1280.086298
32374,1288.068454
32375,1289.514138
32376,1289.027788
32377,1280.157916
32378,1288.140072
32379,1289.564351
32380,1289.078002
32381,1280.208129
32382,1288.190286
32383,1315.837284
32384,1315.350934
32385,1306.481062
32386,1314.463218
32387,1320.523832
32388,1320.690829
32389,1311.820956
32390,1319.803113
32391,1321.177179
32392,1324.492025
32393,1315.622153
32394,1323.604309
32395,1318.123739
32396,1317.637389
32397,1308.767517
32398,1316.749673
32399,1320.273723
32400,1315.986177
32401,1307.116305
32402,1315.098461
32403,1315.534524
32404,1315.048175
32405,1306.178302
32406,1314.160458
32407,1318.497156
32408,1318.010807
32409,1309.140934
32410,1317.123091
32411,1318.497156
32412,1318.010807
32413,1309.140934
32414,1317.123091
32415,1321.543471
32416,1321.057121
32417,1312.187249
32418,1320.169405
32419,1322.67369
32420,1325.988537
32421,1317.118664
32422,1325.100821
32423,1329.390352
32424,1328.904003
32425,1320.03413
32426,1328.016286
32427,1321.297683
32428,1320.811333
32429,1311.941461
32430,1319.923617
32431,1321.297683
32432,1317.010137
32433,1308.140264
32434,1316.122421
32435,1318.362871
32436,1317.876521
32437,1309.006649
32438,1316.988805
32439,1291.72637
32440,1295.041217
32441,1286.171345
32442,1294.153501
32443,1295.527567
32444,1290.586674
32445,1281.716802
32446,1289.698958
32447,1291.7661
32448,1291.405495
32449,1282.535623
32450,1290.517779
32451,1291.930027
32452,1291.443677
32453,1282.573805
32454,1290.555961
32455,1290.403201
32456,1289.916852
32457,1281.046979
32458,1289.029135
32459,1289.568265
32460,1289.081915
32461,1280.212042
32462,1288.194199
32463,1290.437495
32464,1289.951146
32465,1281.081273
32466,1289.06343
32467,1289.602559
32468,1289.116209
32469,1280.246337
32470,1288.228493
32471,1289.674177
32472,1289.187827
32473,1280.317955
32474,1288.300111
32475,1289.72439
32476,1289.238041
32477,1280.368168
32478,1288.350324
32479,1315.997323
32480,1315.510973
32481,1306.641101
32482,1314.623257
32483,1320.683871
32484,1320.850868
32485,1311.980995
32486,1319.963152
32487,1321.337217
32488,1324.652064
32489,1315.782192
32490,1323.764348
32491,1318.283778
32492,1317.797428
32493,1308.927556
32494,1316.909712
32495,1320.433762
32496,1316.146216
32497,1307.276344
32498,1315.2585
32499,1315.694563
32500,1315.208213
32501,1306.338341
32502,1314.320497
32503,1318.657195
32504,1318.170846
32505,1309.300973
32506,1317.28313
32507,1318.657195
32508,1318.170846
32509,1309.300973
32510,1317.28313
32511,1321.70351
32512,1321.21716
32513,1312.347288
32514,1320.329444
32515,1322.833729
32516,1326.148576
32517,1317.278703
32518,1325.26086
32519,1329.550391
32520,1329.064042
32521,1320.194169
32522,1328.176325
32523,1321.457722
32524,1320.971372
32525,1312.1015
32526,1320.083656
32527,1321.457722
32528,1317.170176
32529,1308.300303
32530,1316.28246
32531,1318.52291
32532,1318.03656
32533,1309.166688
32534,1317.148844
32535,1291.886409
32536,1295.201256
32537,1286.331384
32538,1294.31354
32539,1295.687606
32540,1290.746713
32541,1281.87684
32542,1289.858997
32543,1291.891845
32544,1291.450198
32545,1282.580325
32546,1290.562482
32547,1291.97473
32548,1291.48838
32549,1282.618508
32550,1290.600664
32551,1290.447904
32552,1289.961554
32553,1281.091682
32554,1289.073838
32555,1289.612967
32556,1289.126618
32557,1280.256745
32558,1288.238902
32559,1290.482198
32560,1289.995849
32561,1281.125976
32562,1289.108132
32563,1289.647262
32564,1289.160912
32565,1280.291039
32566,1288.273196
32567,1289.71888
32568,1289.23253
32569,1280.362657
32570,1288.344814
32571,1289.769093
32572,1289.282743
32573,1280.412871
32574,1288.395027
32575,1316.042026
32576,1315.555676
32577,1306.685804
32578,1314.66796
32579,1320.728574
32580,1320.895571
32581,1312.025698
32582,1320.007854
32583,1321.38192
32584,1324.696767
32585,1315.826895
32586,1323.809051
32587,1318.328481
32588,1317.842131
32589,1308.972258
32590,1316.954415
32591,1320.478465
32592,1316.190919
32593,1307.321046
32594,1315.303203
32595,1315.739266
32596,1315.252916
32597,1306.383044
32598,1314.3652
32599,1318.701898
32600,1318.215549
32601,1309.345676
32602,1317.327832
32603,1318.701898
32604,1318.215549
32605,1309.345676
32606,1317.327832
32607,1321.748213
32608,1321.261863
32609,1312.391991
32610,1320.374147
32611,1322.878432
32612,1326.193279
32613,1317.323406
32614,1325.305562
32615,1329.595094
32616,1329.108744
32617,1320.238872
32618,1328.221028
32619,1321.502425
32620,1321.016075
32621,1312.146203
32622,1320.128359
32623,1321.502425
32624,1317.214879
32625,1308.345006
32626,1316.327163
32627,1318.567613
32628,1318.081263
32629,1309.211391
32630,1317.193547
32631,1291.931112
32632,1295.245959
32633,1286.376086
32634,1294.358243
32635,1295.732309
32636,1290.791416
32637,1281.921543
32638,1289.9037
32639,1291.936548
32640,1288.331464
32641,1279.461592
32642,1285.281658
32643,1286.693906
32644,1288.369646
32645,1279.499774
32646,1285.31984
32647,1285.167081
32648,1286.842821
32649,1277.972948
32650,1283.793015
32651,1284.332144
32652,1286.007884
32653,1277.138012
32654,1282.958078
32655,1285.167081
32656,1286.842821
32657,1277.972948
32658,1283.793015
32659,1284.332144
32660,1286.007884
32661,1277.138012
32662,1282.958078
32663,1284.403762
32664,1286.079502
32665,1277.20963
32666,1283.029696
32667,1284.453975
32668,1286.129716
32669,1277.259843
32670,1283.07991
32671,1310.726908
32672,1312.402649
32673,1303.532776
32674,1309.352842
32675,1315.413456
32676,1317.742543
32677,1308.87267
32678,1314.692737
32679,1316.066803
32680,1321.543739
32681,1312.673867
32682,1318.493933
32683,1313.013363
32684,1314.689103
32685,1305.819231
32686,1311.639297
32687,1315.163347
32688,1313.037891
32689,1304.168019
32690,1309.988085
32691,1310.424148
32692,1312.099889
32693,1303.230016
32694,1309.050082
32695,1313.38678
32696,1315.062521
32697,1306.192648
32698,1312.012715
32699,1313.38678
32700,1315.062521
32701,1306.192648
32702,1312.012715
32703,1316.433095
32704,1318.108835
32705,1309.238963
32706,1315.059029
32707,1317.563314
32708,1323.040251
32709,1314.170378
32710,1319.990445
32711,1324.279976
32712,1325.955717
32713,1317.085844
32714,1322.905911
32715,1316.187307
32716,1317.863047
32717,1308.993175
32718,1314.813241
32719,1316.187307
32720,1314.061851
32721,1305.191978
32722,1311.012045
32723,1313.252495
32724,1314.928236
32725,1306.058363
32726,1311.878429
32727,1286.615994
32728,1292.092931
32729,1283.223059
32730,1289.043125
32731,1290.417191
32732,1287.638388
32733,1278.768516
32734,1284.588582
32735,1286.655724
32736,1286.966401
32737,1278.096529
32738,1283.916595
32739,1285.328843
32740,1287.004583
32741,1278.134711
32742,1283.954777
32743,1283.802017
32744,1285.477758
32745,1276.607885
32746,1282.427951
32747,1283.802017
32748,1285.477758
32749,1276.607885
32750,1282.427951
32751,1283.802017
32752,1285.477758
32753,1276.607885
32754,1282.427951
32755,1283.802017
32756,1285.477758
32757,1276.607885
32758,1282.427951
32759,1283.873635
32760,1285.549376
32761,1276.679503
32762,1282.49957
32763,1283.923849
32764,1285.599589
32765,1276.729717
32766,1282.549783
32767,1309.361845
32768,1311.037585
32769,1302.167713
32770,1307.987779
32771,1314.048393
32772,1316.37748
32773,1307.507607
32774,1313.327674
32775,1314.701739
32776,1320.178676
32777,1311.308804
32778,1317.12887
32779,1311.6483
32780,1313.32404
32781,1304.454167
32782,1310.274234
32783,1313.798284
32784,1311.672828
32785,1302.802955
32786,1308.623022
32787,1309.059085
32788,1310.734825
32789,1301.864953
32790,1307.685019
32791,1312.021717
32792,1313.697458
32793,1304.827585
32794,1310.647651
32795,1312.021717
32796,1313.697458
32797,1304.827585
32798,1310.647651
32799,1315.068032
32800,1316.743772
32801,1307.8739
32802,1313.693966
32803,1316.198251
32804,1321.675188
32805,1312.805315
32806,1318.625382
32807,1322.914913
32808,1324.590653
32809,1315.720781
32810,1321.540847
32811,1314.822244
32812,1316.497984
32813,1307.628112
32814,1313.448178
32815,1314.822244
32816,1312.696788
32817,1303.826915
32818,1309.646982
32819,1311.887432
32820,1313.563172
32821,1304.6933
32822,1310.513366
32823,1285.250931
32824,1290.727868
32825,1281.857995
32826,1287.678062
32827,1289.052128
32828,1286.273325
32829,1277.403452
32830,1283.223519
32831,1285.290661
32832,1289.411905
32833,1280.542032
32834,1288.524188
32835,1289.936436
32836,1289.450087
32837,1280.580214
32838,1288.562371
32839,1288.409611
32840,1287.923261
32841,1279.053388
32842,1287.035545
32843,1288.409611
32844,1287.923261
32845,1279.053388
32846,1287.035545
32847,1288.409611
32848,1287.923261
32849,1279.053388
32850,1287.035545
32851,1288.409611
32852,1287.923261
32853,1279.053388
32854,1287.035545
32855,1288.481229
32856,1287.994879
32857,1279.125007
32858,1287.107163
32859,1288.531442
32860,1288.045093
32861,1279.17522
32862,1287.157376
32863,1313.969438
32864,1313.483089
32865,1304.613216
32866,1312.595373
32867,1318.655986
32868,1318.169637
32869,1309.299764
32870,1317.28192
32871,1318.655986
32872,1318.169637
32873,1309.299764
32874,1317.28192
32875,1311.80135
32876,1311.315
32877,1302.445128
32878,1310.427284
32879,1313.951334
32880,1313.464985
32881,1304.595112
32882,1312.577269
32883,1313.013332
32884,1312.526982
32885,1303.65711
32886,1311.639266
32887,1315.975964
32888,1315.489614
32889,1306.619742
32890,1314.601898
32891,1315.975964
32892,1315.489614
32893,1306.619742
32894,1314.601898
32895,1319.022279
32896,1318.535929
32897,1309.666056
32898,1317.648213
32899,1320.152498
32900,1319.666148
32901,1310.796276
32902,1318.778432
32903,1323.067963
32904,1322.581614
32905,1313.711741
32906,1321.693898
32907,1314.975294
32908,1314.488945
32909,1305.619072
32910,1313.601228
32911,1314.975294
32912,1314.488945
32913,1305.619072
32914,1313.601228
32915,1315.841679
32916,1315.355329
32917,1306.485457
32918,1314.467613
32919,1289.205178
32920,1288.718828
32921,1279.848956
32922,1287.831112
32923,1289.205178
32924,1288.718828
32925,1279.848956
32926,1287.831112
32927,1289.898254
32928,1289.914687
32929,1281.044815
32930,1289.026971
32931,1290.439219
32932,1289.952869
32933,1281.082997
32934,1289.065153
32935,1288.912393
32936,1288.426044
32937,1279.556171
32938,1287.538327
32939,1288.912393
32940,1288.426044
32941,1279.556171
32942,1287.538327
32943,1288.912393
32944,1288.426044
32945,1279.556171
32946,1287.538327
32947,1288.912393
32948,1288.426044
32949,1279.556171
32950,1287.538327
32951,1288.984011
32952,1288.497662
32953,1279.627789
32954,1287.609946
32955,1289.034225
32956,1288.547875
32957,1279.678003
32958,1287.660159
32959,1314.472221
32960,1313.985871
32961,1305.115999
32962,1313.098155
32963,1319.158769
32964,1319.325766
32965,1310.455893
32966,1318.438049
32967,1319.812115
32968,1323.126962
32969,1314.25709
32970,1322.239246
32971,1316.758676
32972,1316.272326
32973,1307.402453
32974,1315.38461
32975,1318.90866
32976,1314.621114
32977,1305.751241
32978,1313.733398
32979,1314.169461
32980,1313.683111
32981,1304.813239
32982,1312.795395
32983,1317.132093
32984,1316.645744
32985,1307.775871
32986,1315.758027
32987,1317.132093
32988,1316.645744
32989,1307.775871
32990,1315.758027
32991,1320.178408
32992,1319.692058
32993,1310.822186
32994,1318.804342
32995,1321.308627
32996,1324.623474
32997,1315.753601
32998,1323.735758
32999,1328.025289
33000,1327.538939
33001,1318.669067
33002,1326.651223
33003,1319.93262
33004,1319.44627
33005,1310.576398
33006,1318.558554
33007,1319.93262
33008,1315.645074
33009,1306.775201
33010,1314.757358
33011,1316.997808
33012,1316.511458
33013,1307.641586
33014,1315.623742
33015,1290.361307
33016,1293.676154
33017,1284.806281
33018,1292.788438
33019,1294.162504
33020,1289.221611
33021,1280.351738
33022,1288.333895
33023,1290.401037
33024,1289.914687
33025,1281.044815
33026,1289.026971
33027,1290.439219
33028,1289.952869
33029,1281.082997
33030,1289.065153
33031,1288.912393
33032,1288.426044
33033,1279.556171
33034,1287.538327
33035,1288.912393
33036,1288.426044
33037,1279.556171
33038,1287.538327
33039,1288.912393
33040,1288.426044
33041,1279.556171
33042,1287.538327
33043,1288.912393
33044,1288.426044
33045,1279.556171
33046,1287.538327
33047,1288.984011
33048,1288.497662
33049,1279.627789
33050,1287.609946
33051,1289.034225
33052,1288.547875
33053,1279.678003
33054,1287.660159
33055,1314.472221
33056,1313.985871
33057,1305.115999
33058,1313.098155
33059,1319.158769
33060,1319.325766
33061,1310.455893
33062,1318.438049
33063,1319.812115
33064,1323.126962
33065,1314.25709
33066,1322.239246
33067,1316.758676
33068,1316.272326
33069,1307.402453
33070,1315.38461
33071,1318.90866
33072,1314.621114
33073,1305.751241
33074,1313.733398
33075,1314.169461
33076,1313.683111
33077,1304.813239
33078,1312.795395
33079,1317.132093
33080,1316.645744
33081,1307.775871
33082,1315.758027
33083,1317.132093
33084,1316.645744
33085,1307.775871
33086,1315.758027
33087,1320.178408
33088,1319.692058
33089,1310.822186
33090,1318.804342
33091,1321.308627
33092,1324.623474
33093,1315.753601
33094,1323.735758
33095,1328.025289
33096,1327.538939
33097,1318.669067
33098,1326.651223
33099,1319.93262
33100,1319.44627
33101,1310.576398
33102,1318.558554
33103,1319.93262
33104,1315.645074
33105,1306.775201
33106,1314.757358
33107,1316.997808
33108,1316.511458
33109,1307.641586
33110,1315.623742
33111,1290.361307
33112,1293.676154
33113,1284.806281
33114,1292.788438
33115,1294.162504
33116,1289.221611
33117,1280.351738
33118,1288.333895
33119,1290.401037
33120,1290.040432
33121,1281.170559
33122,1289.152716
33123,1290.564964
33124,1290.078614
33125,1281.208741
33126,1289.190898
33127,1289.038138
33128,1288.551788
33129,1279.681916
33130,1287.664072
33131,1289.038138
33132,1288.551788
33133,1279.681916
33134,1287.664072
33135,1289.072432
33136,1288.586082
33137,1279.71621
33138,1287.698366
33139,1289.072432
33140,1288.586082
33141,1279.71621
33142,1287.698366
33143,1289.14405
33144,1288.657701
33145,1279.787828
33146,1287.769984
33147,1289.194264
33148,1288.707914
33149,1279.838041
33150,1287.820198
33151,1314.63226
33152,1314.14591
33153,1305.276038
33154,1313.258194
33155,1319.318808
33156,1319.485805
33157,1310.615932
33158,1318.598088
33159,1319.972154
33160,1323.287001
33161,1314.417129
33162,1322.399285
33163,1316.918715
33164,1316.432365
33165,1307.562492
33166,1315.544649
33167,1319.068699
33168,1314.781153
33169,1305.91128
33170,1313.893437
33171,1314.3295
33172,1313.84315
33173,1304.973278
33174,1312.955434
33175,1317.292132
33176,1316.805782
33177,1307.93591
33178,1315.918066
33179,1317.292132
33180,1316.805782
33181,1307.93591
33182,1315.918066
33183,1320.338447
33184,1319.852097
33185,1310.982224
33186,1318.964381
33187,1321.468666
33188,1324.783513
33189,1315.91364
33190,1323.895796
33191,1328.185328
33192,1327.698978
33193,1318.829106
33194,1326.811262
33195,1320.092659
33196,1319.606309
33197,1310.736437
33198,1318.718593
33199,1320.092659
33200,1315.805113
33201,1306.93524
33202,1314.917396
33203,1317.157847
33204,1316.671497
33205,1307.801625
33206,1315.783781
33207,1290.521346
33208,1293.836193
33209,1284.96632
33210,1292.948477
33211,1294.322542
33212,1289.38165
33213,1280.511777
33214,1288.493934
33215,1290.526782
33216,1290.085135
33217,1281.215262
33218,1289.197419
33219,1290.609667
33220,1290.123317
33221,1281.253444
33222,1289.235601
33223,1289.082841
33224,1288.596491
33225,1279.726619
33226,1287.708775
33227,1289.082841
33228,1288.596491
33229,1279.726619
33230,1287.708775
33231,1289.117135
33232,1288.630785
33233,1279.760913
33234,1287.743069
33235,1289.117135
33236,1288.630785
33237,1279.760913
33238,1287.743069
33239,1289.188753
33240,1288.702403
33241,1279.832531
33242,1287.814687
33243,1289.238966
33244,1288.752617
33245,1279.882744
33246,1287.864901
33247,1314.676963
33248,1314.190613
33249,1305.32074
33250,1313.302897
33251,1319.36351
33252,1319.530507
33253,1310.660635
33254,1318.642791
33255,1320.016857
33256,1323.331704
33257,1314.461831
33258,1322.443988
33259,1316.963417
33260,1316.477068
33261,1307.607195
33262,1315.589351
33263,1319.113402
33264,1314.825856
33265,1305.955983
33266,1313.938139
33267,1314.374203
33268,1313.887853
33269,1305.01798
33270,1313.000137
33271,1317.336835
33272,1316.850485
33273,1307.980613
33274,1315.962769
33275,1317.336835
33276,1316.850485
33277,1307.980613
33278,1315.962769
33279,1320.38315
33280,1319.8968
33281,1311.026927
33282,1319.009084
33283,1321.513369
33284,1324.828215
33285,1315.958343
33286,1323.940499
33287,1328.230031
33288,1327.743681
33289,1318.873809
33290,1326.855965
33291,1320.137362
33292,1319.651012
33293,1310.781139
33294,1318.763296
33295,1320.137362
33296,1315.849815
33297,1306.979943
33298,1314.962099
33299,1317.20255
33300,1316.7162
33301,1307.846327
33302,1315.828484
33303,1290.566049
33304,1293.880896
33305,1285.011023
33306,1292.993179
33307,1294.367245
33308,1289.426353
33309,1280.55648
33310,1288.538636
33311,1290.571484
33312,1289.11124
33313,1280.241367
33314,1288.223524
33315,1289.635772
33316,1289.149422
33317,1280.279549
33318,1288.261706
33319,1288.108946
33320,1287.622596
33321,1278.752724
33322,1286.73488
33323,1288.108946
33324,1287.622596
33325,1278.752724
33326,1286.73488
33327,1288.108946
33328,1287.622596
33329,1278.752724
33330,1286.73488
33331,1288.108946
33332,1287.622596
33333,1278.752724
33334,1286.73488
33335,1288.180564
33336,1287.694214
33337,1278.824342
33338,1286.806498
33339,1288.230777
33340,1287.744428
33341,1278.874555
33342,1286.856712
33343,1313.668774
33344,1313.182424
33345,1304.312551
33346,1312.294708
33347,1318.355321
33348,1318.522318
33349,1309.652446
33350,1317.634602
33351,1319.008668
33352,1322.323515
33353,1313.453642
33354,1321.435799
33355,1315.955228
33356,1315.468879
33357,1306.599006
33358,1314.581162
33359,1318.105213
33360,1313.817667
33361,1304.947794
33362,1312.92995
33363,1313.366014
33364,1312.879664
33365,1304.009791
33366,1311.991948
33367,1316.328646
33368,1315.842296
33369,1306.972424
33370,1314.95458
33371,1316.328646
33372,1315.842296
33373,1306.972424
33374,1314.95458
33375,1319.37496
33376,1318.888611
33377,1310.018738
33378,1318.000895
33379,1320.50518
33380,1323.820026
33381,1314.950154
33382,1322.93231
33383,1327.221842
33384,1326.735492
33385,1317.86562
33386,1325.847776
33387,1319.129173
33388,1318.642823
33389,1309.77295
33390,1317.755107
33391,1319.129173
33392,1314.841626
33393,1305.971754
33394,1313.95391
33395,1316.194361
33396,1315.708011
33397,1306.838138
33398,1314.820295
33399,1289.55786
33400,1292.872707
33401,1284.002834
33402,1291.98499
33403,1293.359056
33404,1288.418164
33405,1279.548291
33406,1287.530447
33407,1289.597589
33408,1289.11124
33409,1280.241367
33410,1288.223524
33411,1289.635772
33412,1289.149422
33413,1280.279549
33414,1288.261706
33415,1288.108946
33416,1287.622596
33417,1278.752724
33418,1286.73488
33419,1288.108946
33420,1287.622596
33421,1278.752724
33422,1286.73488
33423,1288.108946
33424,1287.622596
33425,1278.752724
33426,1286.73488
33427,1288.108946
33428,1287.622596
33429,1278.752724
33430,1286.73488
33431,1288.180564
33432,1287.694214
33433,1278.824342
33434,1286.806498
33435,1288.230777
33436,1287.744428
33437,1278.874555
33438,1286.856712
33439,1313.668774
33440,1313.182424
33441,1304.312551
33442,1312.294708
33443,1318.355321
33444,1317.868972
33445,1308.999099
33446,1316.981256
33447,1318.355321
33448,1317.868972
33449,1308.999099
33450,1316.981256
33451,1311.500685
33452,1311.014336
33453,1302.144463
33454,1310.126619
33455,1313.65067
33456,1313.16432
33457,1304.294447
33458,1312.276604
33459,1312.712667
33460,1312.226317
33461,1303.356445
33462,1311.338601
33463,1315.675299
33464,1315.18895
33465,1306.319077
33466,1314.301233
33467,1315.675299
33468,1315.18895
33469,1306.319077
33470,1314.301233
33471,1318.721614
33472,1318.235264
33473,1309.365392
33474,1317.347548
33475,1319.851833
33476,1319.365483
33477,1310.495611
33478,1318.477767
33479,1322.767299
33480,1322.280949
33481,1313.411076
33482,1321.393233
33483,1314.674629
33484,1314.18828
33485,1305.318407
33486,1313.300564
33487,1314.674629
33488,1314.18828
33489,1305.318407
33490,1313.300564
33491,1315.541014
33492,1315.054664
33493,1306.184792
33494,1314.166948
33495,1288.904513
33496,1288.418164
33497,1279.548291
33498,1287.530447
33499,1288.904513
33500,1288.418164
33501,1279.548291
33502,1287.530447
33503,1289.597589
33504,1288.832586
33505,1279.962714
33506,1287.94487
33507,1289.357118
33508,1288.870769
33509,1280.000896
33510,1287.983052
33511,1287.830293
33512,1287.343943
33513,1278.47407
33514,1286.456227
33515,1287.830293
33516,1287.343943
33517,1278.47407
33518,1286.456227
33519,1287.830293
33520,1287.343943
33521,1278.47407
33522,1286.456227
33523,1287.830293
33524,1287.343943
33525,1278.47407
33526,1286.456227
33527,1287.901911
33528,1287.415561
33529,1278.545688
33530,1286.527845
33531,1287.952124
33532,1287.465774
33533,1278.595902
33534,1286.578058
33535,1313.39012
33536,1312.903771
33537,1304.033898
33538,1312.016054
33539,1318.076668
33540,1318.243665
33541,1309.373792
33542,1317.355949
33543,1318.730015
33544,1322.044861
33545,1313.174989
33546,1321.157145
33547,1315.676575
33548,1315.190225
33549,1306.320353
33550,1314.302509
33551,1317.826559
33552,1313.539013
33553,1304.669141
33554,1312.651297
33555,1313.08736
33556,1312.601011
33557,1303.731138
33558,1311.713294
33559,1316.049992
33560,1315.563643
33561,1306.69377
33562,1314.675927
33563,1316.049992
33564,1315.563643
33565,1306.69377
33566,1314.675927
33567,1319.096307
33568,1318.609957
33569,1309.740085
33570,1317.722241
33571,1320.226526
33572,1323.541373
33573,1314.6715
33574,1322.653657
33575,1326.943188
33576,1326.456839
33577,1317.586966
33578,1325.569123
33579,1318.850519
33580,1318.36417
33581,1309.494297
33582,1317.476453
33583,1318.850519
33584,1314.562973
33585,1305.6931
33586,1313.675257
33587,1315.915707
33588,1315.429358
33589,1306.559485
33590,1314.541641
33591,1289.279206
33592,1292.594053
33593,1283.724181
33594,1291.706337
33595,1293.080403
33596,1288.13951
33597,1279.269638
33598,1287.251794
33599,1289.318936
33600,1289.335369
33601,1280.465496
33602,1288.447653
33603,1289.859901
33604,1289.373551
33605,1280.503678
33606,1288.485835
33607,1288.333075
33608,1287.846725
33609,1278.976853
33610,1286.959009
33611,1288.333075
33612,1287.846725
33613,1278.976853
33614,1286.959009
33615,1288.333075
33616,1287.846725
33617,1278.976853
33618,1286.959009
33619,1288.333075
33620,1287.846725
33621,1278.976853
33622,1286.959009
33623,1288.404693
33624,1287.918344
33625,1279.048471
33626,1287.030627
33627,1288.454907
33628,1287.968557
33629,1279.098684
33630,1287.080841
33631,1313.892903
33632,1313.406553
33633,1304.536681
33634,1312.518837
33635,1318.579451
33636,1318.746448
33637,1309.876575
33638,1317.858731
33639,1319.232797
33640,1322.547644
33641,1313.677771
33642,1321.659928
33643,1316.179357
33644,1315.693008
33645,1306.823135
33646,1314.805292
33647,1318.329342
33648,1314.041796
33649,1305.171923
33650,1313.15408
33651,1313.590143
33652,1313.103793
33653,1304.233921
33654,1312.216077
33655,1316.552775
33656,1316.066425
33657,1307.196553
33658,1315.178709
33659,1316.552775
33660,1316.066425
33661,1307.196553
33662,1315.178709
33663,1319.59909
33664,1319.11274
33665,1310.242867
33666,1318.225024
33667,1320.729309
33668,1324.044156
33669,1315.174283
33670,1323.156439
33671,1327.445971
33672,1326.959621
33673,1318.089749
33674,1326.071905
33675,1319.353302
33676,1318.866952
33677,1309.99708
33678,1317.979236
33679,1319.353302
33680,1315.065756
33681,1306.195883
33682,1314.178039
33683,1316.41849
33684,1315.93214
33685,1307.062268
33686,1315.044424
33687,1289.781989
33688,1293.096836
33689,1284.226963
33690,1292.20912
33691,1293.583185
33692,1288.642293
33693,1279.77242
33694,1287.754577
33695,1289.821719
33696,1289.335369
33697,1280.465496
33698,1288.447653
33699,1289.859901
33700,1289.373551
33701,1280.503678
33702,1288.485835
33703,1288.333075
33704,1287.846725
33705,1278.976853
33706,1286.959009
33707,1288.333075
33708,1287.846725
33709,1278.976853
33710,1286.959009
33711,1288.333075
33712,1287.846725
33713,1278.976853
33714,1286.959009
33715,1288.333075
33716,1287.846725
33717,1278.976853
33718,1286.959009
33719,1288.404693
33720,1287.918344
33721,1279.048471
33722,1287.030627
33723,1288.454907
33724,1287.968557
33725,1279.098684
33726,1287.080841
33727,1313.892903
33728,1313.406553
33729,1304.536681
33730,1312.518837
33731,1318.579451
33732,1318.746448
33733,1309.876575
33734,1317.858731
33735,1319.232797
33736,1322.547644
33737,1313.677771
33738,1321.659928
33739,1316.179357
33740,1315.693008
33741,1306.823135
33742,1314.805292
33743,1318.329342
33744,1314.041796
33745,1305.171923
33746,1313.15408
33747,1313.590143
33748,1313.103793
33749,1304.233921
33750,1312.216077
33751,1316.552775
33752,1316.066425
33753,1307.196553
33754,1315.178709
33755,1316.552775
33756,1316.066425
33757,1307.196553
33758,1315.178709
33759,1319.59909
33760,1319.11274
33761,1310.242867
33762,1318.225024
33763,1320.729309
33764,1324.044156
33765,1315.174283
33766,1323.156439
33767,1327.445971
33768,1326.959621
33769,1318.089749
33770,1326.071905
33771,1319.353302
33772,1318.866952
33773,1309.99708
33774,1317.979236
33775,1319.353302
33776,1315.065756
33777,1306.195883
33778,1314.178039
33779,1316.41849
33780,1315.93214
33781,1307.062268
33782,1315.044424
33783,1289.781989
33784,1293.096836
33785,1284.226963
33786,1292.20912
33787,1293.583185
33788,1288.642293
33789,1279.77242
33790,1287.754577
33791,1289.821719
33792,1289.461114
33793,1280.591241
33794,1288.573398
33795,1289.985646
33796,1289.499296
33797,1280.629423
33798,1288.61158
33799,1288.45882
33800,1287.97247
33801,1279.102598
33802,1287.084754
33803,1288.45882
33804,1287.97247
33805,1279.102598
33806,1287.084754
33807,1288.493114
33808,1288.006764
33809,1279.136892
33810,1287.119048
33811,1288.493114
33812,1288.006764
33813,1279.136892
33814,1287.119048
33815,1288.564732
33816,1288.078382
33817,1279.20851
33818,1287.190666
33819,1288.614946
33820,1288.128596
33821,1279.258723
33822,1287.24088
33823,1314.052942
33824,1313.566592
33825,1304.696719
33826,1312.678876
33827,1318.739489
33828,1318.906486
33829,1310.036614
33830,1318.01877
33831,1319.392836
33832,1322.707683
33833,1313.83781
33834,1321.819967
33835,1316.339396
33836,1315.853047
33837,1306.983174
33838,1314.965331
33839,1318.489381
33840,1314.201835
33841,1305.331962
33842,1313.314119
33843,1313.750182
33844,1313.263832
33845,1304.39396
33846,1312.376116
33847,1316.712814
33848,1316.226464
33849,1307.356592
33850,1315.338748
33851,1316.712814
33852,1316.226464
33853,1307.356592
33854,1315.338748
33855,1319.759129
33856,1319.272779
33857,1310.402906
33858,1318.385063
33859,1320.889348
33860,1324.204194
33861,1315.334322
33862,1323.316478
33863,1327.60601
33864,1327.11966
33865,1318.249788
33866,1326.231944
33867,1319.513341
33868,1319.026991
33869,1310.157118
33870,1318.139275
33871,1319.513341
33872,1315.225795
33873,1306.355922
33874,1314.338078
33875,1316.578529
33876,1316.092179
33877,1307.222306
33878,1315.204463
33879,1289.942028
33880,1293.256875
33881,1284.387002
33882,1292.369159
33883,1293.743224
33884,1288.802332
33885,1279.932459
33886,1287.914615
33887,1289.947463
33888,1289.505817
33889,1280.635944
33890,1288.6181
33891,1290.030348
33892,1289.543999
33893,1280.674126
33894,1288.656283
33895,1288.503523
33896,1288.017173
33897,1279.1473
33898,1287.129457
33899,1288.503523
33900,1288.017173
33901,1279.1473
33902,1287.129457
33903,1288.537817
33904,1288.051467
33905,1279.181595
33906,1287.163751
33907,1288.537817
33908,1288.051467
33909,1279.181595
33910,1287.163751
33911,1288.609435
33912,1288.123085
33913,1279.253213
33914,1287.235369
33915,1288.659648
33916,1288.173299
33917,1279.303426
33918,1287.285583
33919,1314.097644
33920,1313.611295
33921,1304.741422
33922,1312.723579
33923,1318.784192
33924,1318.951189
33925,1310.081317
33926,1318.063473
33927,1319.437539
33928,1322.752386
33929,1313.882513
33930,1321.86467
33931,1316.384099
33932,1315.89775
33933,1307.027877
33934,1315.010033
33935,1318.534084
33936,1314.246538
33937,1305.376665
33938,1313.358821
33939,1313.794885
33940,1313.308535
33941,1304.438662
33942,1312.420819
33943,1316.757517
33944,1316.271167
33945,1307.401295
33946,1315.383451
33947,1316.757517
33948,1316.271167
33949,1307.401295
33950,1315.383451
33951,1319.803831
33952,1319.317482
33953,1310.447609
33954,1318.429766
33955,1320.93405
33956,1324.248897
33957,1315.379025
33958,1323.361181
33959,1327.650713
33960,1327.164363
33961,1318.29449
33962,1326.276647
33963,1319.558043
33964,1319.071694
33965,1310.201821
33966,1318.183978
33967,1319.558043
33968,1315.270497
33969,1306.400625
33970,1314.382781
33971,1316.623231
33972,1316.136882
33973,1307.267009
33974,1315.249166
33975,1289.986731
33976,1293.301578
33977,1284.431705
33978,1292.413861
33979,1293.787927
33980,1288.847034
33981,1279.977162
33982,1287.959318
33983,1289.992166
33984,1289.11124
33985,1280.241367
33986,1288.223524
33987,1289.635772
33988,1289.149422
33989,1280.279549
33990,1288.261706
33991,1288.108946
33992,1287.622596
33993,1278.752724
33994,1286.73488
33995,1288.108946
33996,1287.622596
33997,1278.752724
33998,1286.73488
33999,1288.108946
34000,1287.622596
34001,1278.752724
34002,1286.73488
34003,1288.108946
34004,1287.622596
34005,1278.752724
34006,1286.73488
34007,1288.180564
34008,1287.694214
34009,1278.824342
34010,1286.806498
34011,1288.230777
34012,1287.744428
34013,1278.874555
34014,1286.856712
34015,1313.668774
34016,1313.182424
34017,1304.312551
34018,1312.294708
34019,1318.355321
34020,1318.522318
34021,1309.652446
34022,1317.634602
34023,1319.008668
34024,1322.323515
34025,1313.453642
34026,1321.435799
34027,1315.955228
34028,1315.468879
34029,1306.599006
34030,1314.581162
34031,1318.105213
34032,1313.817667
34033,1304.947794
34034,1312.92995
34035,1313.366014
34036,1312.879664
34037,1304.009791
34038,1311.991948
34039,1316.328646
34040,1315.842296
34041,1306.972424
34042,1314.95458
34043,1316.328646
34044,1315.842296
34045,1306.972424
34046,1314.95458
34047,1319.37496
34048,1318.888611
34049,1310.018738
34050,1318.000895
34051,1320.50518
34052,1323.820026
34053,1314.950154
34054,1322.93231
34055,1327.221842
34056,1326.735492
34057,1317.86562
34058,1325.847776
34059,1319.129173
34060,1318.642823
34061,1309.77295
34062,1317.755107
34063,1319.129173
34064,1314.841626
34065,1305.971754
34066,1313.95391
34067,1316.194361
34068,1315.708011
34069,1306.838138
34070,1314.820295
34071,1289.55786
34072,1292.872707
34073,1284.002834
34074,1291.98499
34075,1293.359056
34076,1288.418164
34077,1279.548291
34078,1287.530447
34079,1289.597589
34080,1287.980167
34081,1279.110294
34082,1287.092451
34083,1288.504699
34084,1288.018349
34085,1279.148477
34086,1287.130633
34087,1286.977873
34088,1286.491523
34089,1277.621651
34090,1285.603807
34091,1286.977873
34092,1286.491523
34093,1277.621651
34094,1285.603807
34095,1286.977873
34096,1286.491523
34097,1277.621651
34098,1285.603807
34099,1286.977873
34100,1286.491523
34101,1277.621651
34102,1285.603807
34103,1287.049491
34104,1286.563142
34105,1277.693269
34106,1285.675425
34107,1287.099705
34108,1286.613355
34109,1277.743482
34110,1285.725639
34111,1312.537701
34112,1312.051351
34113,1303.181479
34114,1311.163635
34115,1318.146893
34116,1317.660544
34117,1308.790671
34118,1316.772828
34119,1318.146893
34120,1317.660544
34121,1308.790671
34122,1316.772828
34123,1310.534671
34124,1310.048321
34125,1301.178449
34126,1309.160605
34127,1312.684656
34128,1312.198306
34129,1303.328433
34130,1311.31059
34131,1311.746653
34132,1311.260303
34133,1302.390431
34134,1310.372587
34135,1315.466871
34136,1314.980522
34137,1306.110649
34138,1314.092805
34139,1315.466871
34140,1314.980522
34141,1306.110649
34142,1314.092805
34143,1317.590541
34144,1317.104191
34145,1308.234319
34146,1316.216475
34147,1318.72076
34148,1318.23441
34149,1309.364538
34150,1317.346694
34151,1321.636226
34152,1321.149876
34153,1312.280004
34154,1320.26216
34155,1313.543557
34156,1313.057207
34157,1304.187334
34158,1312.169491
34159,1313.543557
34160,1313.057207
34161,1304.187334
34162,1312.169491
34163,1314.409941
34164,1313.923592
34165,1305.053719
34166,1313.035875
34167,1287.77344
34168,1287.287091
34169,1278.417218
34170,1286.399375
34171,1287.77344
34172,1287.287091
34173,1278.417218
34174,1286.399375
34175,1288.466517
34176,1287.701514
34177,1278.831641
34178,1286.813797
34179,1288.226045
34180,1287.739696
34181,1278.869823
34182,1286.85198
34183,1286.69922
34184,1286.21287
34185,1277.342997
34186,1285.325154
34187,1286.69922
34188,1286.21287
34189,1277.342997
34190,1285.325154
34191,1286.69922
34192,1286.21287
34193,1277.342997
34194,1285.325154
34195,1286.69922
34196,1286.21287
34197,1277.342997
34198,1285.325154
34199,1286.770838
34200,1286.284488
34201,1277.414616
34202,1285.396772
34203,1286.821051
34204,1286.334702
34205,1277.464829
34206,1285.446985
34207,1312.259047
34208,1311.772698
34209,1302.902825
34210,1310.884982
34211,1317.86824
34212,1317.38189
34213,1308.512018
34214,1316.494174
34215,1317.86824
34216,1317.38189
34217,1308.512018
34218,1316.494174
34219,1310.256018
34220,1309.769668
34221,1300.899795
34222,1308.881952
34223,1312.406002
34224,1311.919653
34225,1303.04978
34226,1311.031936
34227,1311.468
34228,1310.98165
34229,1302.111777
34230,1310.093934
34231,1315.188218
34232,1314.701868
34233,1305.831996
34234,1313.814152
34235,1315.188218
34236,1314.701868
34237,1305.831996
34238,1313.814152
34239,1317.311888
34240,1316.825538
34241,1307.955665
34242,1315.937822
34243,1318.442107
34244,1317.955757
34245,1309.085885
34246,1317.068041
34247,1321.357572
34248,1320.871223
34249,1312.00135
34250,1319.983507
34251,1313.264903
34252,1312.778554
34253,1303.908681
34254,1311.890837
34255,1313.264903
34256,1312.778554
34257,1303.908681
34258,1311.890837
34259,1314.131288
34260,1313.644938
34261,1304.775066
34262,1312.757222
34263,1287.494787
34264,1287.008437
34265,1278.138565
34266,1286.120721
34267,1287.494787
34268,1287.008437
34269,1278.138565
34270,1286.120721
34271,1288.187863
34272,1288.204296
34273,1279.334424
34274,1287.31658
34275,1288.728828
34276,1288.242478
34277,1279.372606
34278,1287.354762
34279,1287.202002
34280,1286.715653
34281,1277.84578
34282,1285.827936
34283,1287.202002
34284,1286.715653
34285,1277.84578
34286,1285.827936
34287,1287.202002
34288,1286.715653
34289,1277.84578
34290,1285.827936
34291,1287.202002
34292,1286.715653
34293,1277.84578
34294,1285.827936
34295,1287.27362
34296,1286.787271
34297,1277.917398
34298,1285.899555
34299,1287.323834
34300,1286.837484
34301,1277.967612
34302,1285.949768
34303,1312.76183
34304,1312.27548
34305,1303.405608
34306,1311.387764
34307,1318.371023
34308,1318.538019
34309,1309.668147
34310,1317.650303
34311,1319.024369
34312,1322.339216
34313,1313.469343
34314,1321.4515
34315,1315.213343
34316,1314.726994
34317,1305.857121
34318,1313.839277
34319,1317.363328
34320,1313.075782
34321,1304.205909
34322,1312.188065
34323,1312.624129
34324,1312.137779
34325,1303.267906
34326,1311.250063
34327,1316.344347
34328,1315.857997
34329,1306.988125
34330,1314.970281
34331,1316.344347
34332,1315.857997
34333,1306.988125
34334,1314.970281
34335,1318.468017
34336,1317.981667
34337,1309.111795
34338,1317.093951
34339,1319.598236
34340,1322.913083
34341,1314.04321
34342,1322.025367
34343,1326.314898
34344,1325.828548
34345,1316.958676
34346,1324.940832
34347,1318.222229
34348,1317.735879
34349,1308.866007
34350,1316.848163
34351,1318.222229
34352,1313.934683
34353,1305.06481
34354,1313.046967
34355,1315.287417
34356,1314.801067
34357,1305.931195
34358,1313.913351
34359,1288.650916
34360,1291.965763
34361,1283.09589
34362,1291.078047
34363,1292.452113
34364,1287.51122
34365,1278.641347
34366,1286.623504
34367,1288.690646
34368,1288.204296
34369,1279.334424
34370,1287.31658
34371,1288.728828
34372,1288.242478
34373,1279.372606
34374,1287.354762
34375,1287.202002
34376,1286.715653
34377,1277.84578
34378,1285.827936
34379,1287.202002
34380,1286.715653
34381,1277.84578
34382,1285.827936
34383,1287.202002
34384,1286.715653
34385,1277.84578
34386,1285.827936
34387,1287.202002
34388,1286.715653
34389,1277.84578
34390,1285.827936
34391,1287.27362
34392,1286.787271
34393,1277.917398
34394,1285.899555
34395,1287.323834
34396,1286.837484
34397,1277.967612
34398,1285.949768
34399,1312.76183
34400,1312.27548
34401,1303.405608
34402,1311.387764
34403,1318.371023
34404,1317.884673
34405,1309.0148
34406,1316.996957
34407,1318.371023
34408,1317.884673
34409,1309.0148
34410,1316.996957
34411,1310.7588
34412,1310.272451
34413,1301.402578
34414,1309.384734
34415,1312.908785
34416,1312.422435
34417,1303.552562
34418,1311.534719
34419,1311.970782
34420,1311.484432
34421,1302.61456
34422,1310.596716
34423,1315.691
34424,1315.204651
34425,1306.334778
34426,1314.316935
34427,1315.691
34428,1315.204651
34429,1306.334778
34430,1314.316935
34431,1317.81467
34432,1317.328321
34433,1308.458448
34434,1316.440604
34435,1318.944889
34436,1318.45854
34437,1309.588667
34438,1317.570823
34439,1321.860355
34440,1321.374005
34441,1312.504133
34442,1320.486289
34443,1313.767686
34444,1313.281336
34445,1304.411464
34446,1312.39362
34447,1313.767686
34448,1313.281336
34449,1304.411464
34450,1312.39362
34451,1314.63407
34452,1314.147721
34453,1305.277848
34454,1313.260005
34455,1287.99757
34456,1287.51122
34457,1278.641347
34458,1286.623504
34459,1287.99757
34460,1287.51122
34461,1278.641347
34462,1286.623504
34463,1288.690646
34464,1289.461114
34465,1280.591241
34466,1288.573398
34467,1289.985646
34468,1289.499296
34469,1280.629423
34470,1288.61158
34471,1288.45882
34472,1287.97247
34473,1279.102598
34474,1287.084754
34475,1288.45882
34476,1287.97247
34477,1279.102598
34478,1287.084754
34479,1288.493114
34480,1288.006764
34481,1279.136892
34482,1287.119048
34483,1288.493114
34484,1288.006764
34485,1279.136892
34486,1287.119048
34487,1288.564732
34488,1288.078382
34489,1279.20851
34490,1287.190666
34491,1288.614946
34492,1288.128596
34493,1279.258723
34494,1287.24088
34495,1314.052942
34496,1313.566592
34497,1304.696719
34498,1312.678876
34499,1318.739489
34500,1318.906486
34501,1310.036614
34502,1318.01877
34503,1319.392836
34504,1322.707683
34505,1313.83781
34506,1321.819967
34507,1316.339396
34508,1315.853047
34509,1306.983174
34510,1314.965331
34511,1318.489381
34512,1314.201835
34513,1305.331962
34514,1313.314119
34515,1313.750182
34516,1313.263832
34517,1304.39396
34518,1312.376116
34519,1316.712814
34520,1316.226464
34521,1307.356592
34522,1315.338748
34523,1316.712814
34524,1316.226464
34525,1307.356592
34526,1315.338748
34527,1319.759129
34528,1319.272779
34529,1310.402906
34530,1318.385063
34531,1320.889348
34532,1324.204194
34533,1315.334322
34534,1323.316478
34535,1327.60601
34536,1327.11966
34537,1318.249788
34538,1326.231944
34539,1319.513341
34540,1319.026991
34541,1310.157118
34542,1318.139275
34543,1319.513341
34544,1315.225795
34545,1306.355922
34546,1314.338078
34547,1316.578529
34548,1316.092179
34549,1307.222306
34550,1315.204463
34551,1289.942028
34552,1293.256875
34553,1284.387002
34554,1292.369159
34555,1293.743224
34556,1288.802332
34557,1279.932459
34558,1287.914615
34559,1289.947463
34560,1289.505817
34561,1280.635944
34562,1288.6181
34563,1290.030348
34564,1289.543999
34565,1280.674126
34566,1288.656283
34567,1288.503523
34568,1288.017173
34569,1279.1473
34570,1287.129457
34571,1288.503523
34572,1288.017173
34573,1279.1473
34574,1287.129457
34575,1288.537817
34576,1288.051467
34577,1279.181595
34578,1287.163751
34579,1288.537817
34580,1288.051467
34581,1279.181595
34582,1287.163751
34583,1288.609435
34584,1288.123085
34585,1279.253213
34586,1287.235369
34587,1288.659648
34588,1288.173299
34589,1279.303426
34590,1287.285583
34591,1314.097644
34592,1313.611295
34593,1304.741422
34594,1312.723579
34595,1318.784192
34596,1318.951189
34597,1310.081317
34598,1318.063473
34599,1319.437539
34600,1322.752386
34601,1313.882513
34602,1321.86467
34603,1316.384099
34604,1315.89775
34605,1307.027877
34606,1315.010033
34607,1318.534084
34608,1314.246538
34609,1305.376665
34610,1313.358821
34611,1313.794885
34612,1313.308535
34613,1304.438662
34614,1312.420819
34615,1316.757517
34616,1316.271167
34617,1307.401295
34618,1315.383451
34619,1316.757517
34620,1316.271167
34621,1307.401295
34622,1315.383451
34623,1319.803831
34624,1319.317482
34625,1310.447609
34626,1318.429766
34627,1320.93405
34628,1324.248897
34629,1315.379025
34630,1323.361181
34631,1327.650713
34632,1327.164363
34633,1318.29449
34634,1326.276647
34635,1319.558043
34636,1319.071694
34637,1310.201821
34638,1318.183978
34639,1319.558043
34640,1315.270497
34641,1306.400625
34642,1314.382781
34643,1316.623231
34644,1316.136882
34645,1307.267009
34646,1315.249166
34647,1289.986731
34648,1293.301578
34649,1284.431705
34650,1292.413861
34651,1293.787927
34652,1288.847034
34653,1279.977162
34654,1287.959318
34655,1289.992166
34656,1289.11124
34657,1280.241367
34658,1288.223524
34659,1289.635772
34660,1289.149422
34661,1280.279549
34662,1288.261706
34663,1288.108946
34664,1287.622596
34665,1278.752724
34666,1286.73488
34667,1288.108946
34668,1287.622596
34669,1278.752724
34670,1286.73488
34671,1288.108946
34672,1287.622596
34673,1278.752724
34674,1286.73488
34675,1288.108946
34676,1287.622596
34677,1278.752724
34678,1286.73488
34679,1288.180564
34680,1287.694214
34681,1278.824342
34682,1286.806498
34683,1288.230777
34684,1287.744428
34685,1278.874555
34686,1286.856712
34687,1313.668774
34688,1313.182424
34689,1304.312551
34690,1312.294708
34691,1318.355321
34692,1318.522318
34693,1309.652446
34694,1317.634602
34695,1319.008668
34696,1322.323515
34697,1313.453642
34698,1321.435799
34699,1315.955228
34700,1315.468879
34701,1306.599006
34702,1314.581162
34703,1318.105213
34704,1313.817667
34705,1304.947794
34706,1312.92995
34707,1313.366014
34708,1312.879664
34709,1304.009791
34710,1311.991948
34711,1316.328646
34712,1315.842296
34713,1306.972424
34714,1314.95458
34715,1316.328646
34716,1315.842296
34717,1306.972424
34718,1314.95458
34719,1319.37496
34720,1318.888611
34721,1310.018738
34722,1318.000895
34723,1320.50518
34724,1323.820026
34725,1314.950154
34726,1322.93231
34727,1327.221842
34728,1326.735492
34729,1317.86562
34730,1325.847776
34731,1319.129173
34732,1318.642823
34733,1309.77295
34734,1317.755107
34735,1319.129173
34736,1314.841626
34737,1305.971754
34738,1313.95391
34739,1316.194361
34740,1315.708011
34741,1306.838138
34742,1314.820295
34743,1289.55786
34744,1292.872707
34745,1284.002834
34746,1291.98499
34747,1293.359056
34748,1288.418164
34749,1279.548291
34750,1287.530447
34751,1289.597589
34752,1289.11124
34753,1280.241367
34754,1288.223524
34755,1289.635772
34756,1289.149422
34757,1280.279549
34758,1288.261706
34759,1288.108946
34760,1287.622596
34761,1278.752724
34762,1286.73488
34763,1288.108946
34764,1287.622596
34765,1278.752724
34766,1286.73488
34767,1288.108946
34768,1287.622596
34769,1278.752724
34770,1286.73488
34771,1288.108946
34772,1287.622596
34773,1278.752724
34774,1286.73488
34775,1288.180564
34776,1287.694214
34777,1278.824342
34778,1286.806498
34779,1288.230777
34780,1287.744428
34781,1278.874555
34782,1286.856712
34783,1313.668774
34784,1313.182424
34785,1304.312551
34786,1312.294708
34787,1318.355321
34788,1317.868972
34789,1308.999099
34790,1316.981256
34791,1318.355321
34792,1317.868972
34793,1308.999099
34794,1316.981256
34795,1311.500685
34796,1311.014336
34797,1302.144463
34798,1310.126619
34799,1313.65067
34800,1313.16432
34801,1304.294447
34802,1312.276604
34803,1312.712667
34804,1312.226317
34805,1303.356445
34806,1311.338601
34807,1315.675299
34808,1315.18895
34809,1306.319077
34810,1314.301233
34811,1315.675299
34812,1315.18895
34813,1306.319077
34814,1314.301233
34815,1318.721614
34816,1318.235264
34817,1309.365392
34818,1317.347548
34819,1319.851833
34820,1319.365483
34821,1310.495611
34822,1318.477767
34823,1322.767299
34824,1322.280949
34825,1313.411076
34826,1321.393233
34827,1314.674629
34828,1314.18828
34829,1305.318407
34830,1313.300564
34831,1314.674629
34832,1314.18828
34833,1305.318407
34834,1313.300564
34835,1315.541014
34836,1315.054664
34837,1306.184792
34838,1314.166948
34839,1288.904513
34840,1288.418164
34841,1279.548291
34842,1287.530447
34843,1288.904513
34844,1288.418164
34845,1279.548291
34846,1287.530447
34847,1289.597589
34848,1291.442908
34849,1282.573036
34850,1290.555192
34851,1291.96744
34852,1291.48109
34853,1282.611218
34854,1290.593374
34855,1290.440614
34856,1289.954265
34857,1281.084392
34858,1289.066549
34859,1290.440614
34860,1289.954265
34861,1281.084392
34862,1289.066549
34863,1290.440614
34864,1289.954265
34865,1281.084392
34866,1289.066549
34867,1290.440614
34868,1289.954265
34869,1281.084392
34870,1289.066549
34871,1290.512233
34872,1290.025883
34873,1281.15601
34874,1289.138167
34875,1290.562446
34876,1290.076096
34877,1281.206224
34878,1289.18838
34879,1316.000442
34880,1315.514092
34881,1306.64422
34882,1314.626376
34883,1320.68699
34884,1320.20064
34885,1311.330768
34886,1319.312924
34887,1320.68699
34888,1320.20064
34889,1311.330768
34890,1319.312924
34891,1313.832354
34892,1313.346004
34893,1304.476131
34894,1312.458288
34895,1315.982338
34896,1315.495989
34897,1306.626116
34898,1314.608272
34899,1315.044336
34900,1314.557986
34901,1305.688113
34902,1313.67027
34903,1318.006968
34904,1317.520618
34905,1308.650746
34906,1316.632902
34907,1318.006968
34908,1317.520618
34909,1308.650746
34910,1316.632902
34911,1321.053282
34912,1320.566933
34913,1311.69706
34914,1319.679217
34915,1322.183501
34916,1321.697152
34917,1312.827279
34918,1320.809436
34919,1325.098967
34920,1324.612618
34921,1315.742745
34922,1323.724901
34923,1317.006298
34924,1316.519948
34925,1307.650076
34926,1315.632232
34927,1317.006298
34928,1316.519948
34929,1307.650076
34930,1315.632232
34931,1317.872682
34932,1317.386333
34933,1308.51646
34934,1316.498617
34935,1291.236182
34936,1290.749832
34937,1281.879959
34938,1289.862116
34939,1291.236182
34940,1290.749832
34941,1281.879959
34942,1289.862116
34943,1291.929258
34944,1291.945691
34945,1283.075818
34946,1291.057975
34947,1292.470223
34948,1291.983873
34949,1283.114
34950,1291.096157
34951,1290.943397
34952,1290.457047
34953,1281.587175
34954,1289.569331
34955,1290.943397
34956,1290.457047
34957,1281.587175
34958,1289.569331
34959,1290.943397
34960,1290.457047
34961,1281.587175
34962,1289.569331
34963,1290.943397
34964,1290.457047
34965,1281.587175
34966,1289.569331
34967,1291.015015
34968,1290.528665
34969,1281.658793
34970,1289.640949
34971,1291.065229
34972,1290.578879
34973,1281.709006
34974,1289.691163
34975,1316.503225
34976,1316.016875
34977,1307.147002
34978,1315.129159
34979,1321.189772
34980,1320.703423
34981,1311.83355
34982,1319.815707
34983,1321.189772
34984,1320.703423
34985,1311.83355
34986,1319.815707
34987,1314.335136
34988,1313.848787
34989,1304.978914
34990,1312.96107
34991,1316.485121
34992,1315.998771
34993,1307.128899
34994,1315.111055
34995,1315.547118
34996,1315.060768
34997,1306.190896
34998,1314.173052
34999,1318.50975
35000,1318.023401
35001,1309.153528
35002,1317.135685
35003,1318.50975
35004,1318.023401
35005,1309.153528
35006,1317.135685
35007,1321.556065
35008,1321.069715
35009,1312.199843
35010,1320.181999
35011,1322.686284
35012,1322.199934
35013,1313.330062
35014,1321.312218
35015,1325.60175
35016,1325.1154
35017,1316.245528
35018,1324.227684
35019,1317.509081
35020,1317.022731
35021,1308.152858
35022,1316.135015
35023,1317.509081
35024,1317.022731
35025,1308.152858
35026,1316.135015
35027,1318.375465
35028,1317.889115
35029,1309.019243
35030,1317.001399
35031,1291.738964
35032,1291.252615
35033,1282.382742
35034,1290.364898
35035,1291.738964
35036,1291.252615
35037,1282.382742
35038,1290.364898
35039,1292.43204
