id,전기요금(원)_보간_가중
32064,524.4796860341067
32065,539.9670885869543
32066,540.3629789563212
32067,546.396154349663
32068,557.699302743325
32069,548.0908275469891
32070,540.7559074384524
32071,552.1583173563419
32072,575.9547959351811
32073,555.80935845105
32074,540.12316192047
32075,555.179965438346
32076,578.9896394340935
32077,563.3052132011682
32078,611.090557257771
32079,718.7921293262806
32080,650.3613197741106
32081,572.8247247063882
32082,575.0120702006658
32083,505.1217319204853
32084,486.25767321185793
32085,495.294093829867
32086,507.2719817050052
32087,481.6824355542811
32088,484.5756055195978
32089,480.8281060053218
32090,493.17172965870617
32091,518.467187852106
32092,601.713754348127
32093,599.1756794847026
32094,565.5990661210981
32095,567.092369995024
32096,697.1436674163025
32097,517.0515702250004
32098,622.5183478619173
32099,1602.0107281925036
32100,1569.6366998919775
32101,1561.3661661976005
32102,1568.6681092340707
32103,1571.7044594176352
32104,1540.0972960684844
32105,2086.5678045877544
32106,2329.303945755965
32107,2344.266716905836
32108,2132.5347254756543
32109,1539.8939606356964
32110,1525.9111723991386
32111,1848.5530416232912
32112,2177.5395080370445
32113,1566.4487171427356
32114,1570.850483499367
32115,1732.6595911798124
32116,2444.049928647446
32117,2402.012475418925
32118,2383.339596581298
32119,2433.958416803837
32120,2399.9003667813754
32121,2391.477828427584
32122,2393.4649596466043
32123,2384.7780457075414
32124,2357.5578345857925
32125,2372.7395336146096
32126,2380.742327021258
32127,2364.873755917034
32128,2346.4890472308743
32129,2333.176833194191
32130,2361.04806080459
32131,2345.110926307283
32132,2325.4694197388408
32133,1999.7597687440252
32134,2072.6103086688786
32135,1592.1961069192894
32136,984.0946920324404
32137,1474.0244789192018
32138,2099.550078149364
32139,1971.1166577432937
32140,1965.1354543616997
32141,2300.11870275053
32142,2288.7437958196087
32143,1704.3561278541422
32144,1581.4685515864433
32145,1584.48554450159
32146,1594.835878310814
32147,1579.0919643201871
32148,1587.081692017787
32149,1587.891487493333
32150,1579.929165863434
32151,1561.735242106835
32152,577.4647466850051
32153,551.922728708404
32154,558.2158816518357
32155,484.9468036556968
32156,438.6670997270151
32157,428.2541737635498
32158,412.972719654243
32159,457.5691582206671
32160,516.9202876441607
32161,521.460489602262
32162,441.8211748971051
32163,432.8341027968356
32164,430.8911642913988
32165,504.9683422014266
32166,554.5538567681068
32167,541.9422602075964
32168,500.5583766623005
32169,445.63517974736993
32170,453.9007051374773
32171,461.3579930030982
32172,481.02050518763457
32173,461.4347752973029
32174,477.076424108062
32175,486.5159405425974
32176,479.1920939454923
32177,461.1964054372246
32178,461.8340959076365
32179,456.0586578985056
32180,466.102246977057
32181,642.0172988644533
32182,654.0604676749024
32183,559.0592667221736
32184,510.8788370107301
32185,480.4565892056882
32186,475.4009204788469
32187,475.2997033381189
32188,498.7794785200141
32189,496.5660180391639
32190,502.44130419492086
32191,527.5818103869515
32192,514.8163899340295
32193,499.4086310121624
32194,598.3284512084689
32195,1662.26535322545
32196,2276.140252929458
32197,2375.627307486689
32198,2247.0140604877465
32199,1633.5066052302864
32200,1631.6505176815533
32201,1603.6331432940642
32202,1635.0710468609743
32203,1642.9781864504191
32204,1588.7580563045358
32205,1564.7085728745935
32206,1574.0961145737756
32207,1557.7305933761938
32208,1547.6303075842302
32209,1563.3982224406277
32210,1653.9215254474527
32211,2243.737141000531
32212,2300.076148540138
32213,2181.5961455814727
32214,1806.4453007181928
32215,2345.6266247392687
32216,1697.4070099932185
32217,1582.2936374982894
32218,1595.7867051665733
32219,1586.0810028359433
32220,1586.300352397948
32221,1598.5297261396497
32222,1604.3455136409095
32223,1641.0049647674136
32224,2244.688650491562
32225,2427.15549304566
32226,2412.118434732735
32227,2233.995507731021
32228,1623.619235458793
32229,1656.421475968512
32230,1651.9344512044115
32231,1460.7224681609712
32232,1272.0635731271095
32233,1156.510902039451
32234,1634.7187316926934
32235,1647.9028819782347
32236,1630.523430331841
32237,1635.2853067752942
32238,1647.9237752596582
32239,1790.616302037385
32240,2433.651777909261
32241,2432.460730422564
32242,2350.327615942785
32243,2111.7096212469623
32244,1638.2387103487135
32245,1639.5827205464138
32246,1672.8224114131972
32247,1859.9822993595008
32248,546.9671268942185
32249,434.6858233227088
32250,408.8345854455415
32251,444.2916279372534
32252,447.3650890151063
32253,436.0753382878651
32254,447.1775655837404
32255,453.72116134459975
32256,499.2730547441763
32257,571.0606698233951
32258,544.5081164865344
32259,536.7103124670379
32260,483.34151489519655
32261,487.7032475068989
32262,515.1931295122059
32263,602.6598471659045
32264,528.397737705256
32265,499.5131818924234
32266,499.6789940448045
32267,496.4070255381421
32268,508.4783015105031
32269,510.06110362371527
32270,559.8424740903299
32271,550.973702955753
32272,538.6282561234934
32273,517.5176380436143
32274,483.26420106681263
32275,484.2132438273965
32276,470.9326621919272
32277,475.4653434301644
32278,466.3434855066167
32279,535.9908335290772
32280,558.8341505517515
32281,477.8862634794127
32282,475.7186470200853
32283,487.6425646197238
32284,519.3575743407465
32285,568.9161395566998
32286,707.9824925459235
32287,3974.2902878196346
32288,3974.348405268918
32289,3974.386078392099
32290,3974.3958931685793
32291,5535.797363376207
32292,6622.413719175798
32293,6622.430731071574
32294,6622.432643546206
32295,6465.9774807684025
32296,6381.8571677552045
32297,6381.875841070849
32298,6381.880700607735
32299,6820.739253776574
32300,6820.738305198454
32301,6820.73416367402
32302,6820.729684384965
32303,6246.84979796035
32304,2253.9788560970874
32305,2253.9481502167137
32306,2253.9526274121554
32307,4862.229027654988
32308,4862.258615303796
32309,4862.279513027531
32310,4862.287478070718
32311,6438.760659784085
32312,6438.78038717807
32313,6438.785476967699
32314,6438.781685739762
32315,6285.798723854936
32316,6285.791886114395
32317,6285.787291028417
32318,6285.784346231139
32319,6316.6205265874105
32320,6316.639947062178
32321,6316.641197999759
32322,6316.637168502255
32323,5287.670875888429
32324,5655.3480992876
32325,5655.365914966912
32326,5655.376417439432
32327,4640.414057717018
32328,4640.401908427768
32329,4640.397441894107
32330,4640.396936759644
32331,5336.781239334778
32332,5336.782965276674
32333,5336.789591837958
32334,5336.794196669296
32335,5266.219097498679
32336,5042.938995904373
32337,5042.918294764208
32338,5042.90919017707
32339,2680.6951087679327
32340,2680.668277491218
32341,2680.6578808690965
32342,2680.6546150039494
32343,2310.196678577538
32344,839.4641520255026
32345,787.589071845975
32346,801.4050961368013
32347,784.1727196871249
32348,752.0753702451987
32349,701.780728702478
32350,708.9050703617883
32351,709.6814345483403
32352,725.1931677103055
32353,782.754496191329
32354,806.0168036009986
32355,802.9313174321142
32356,864.9907374639445
32357,878.2207315778127
32358,783.2360456545648
32359,762.3552864809892
32360,734.9305622520468
32361,744.2024679523306
32362,754.880558792115
32363,754.6987919022605
32364,634.5896503689895
32365,537.9251068594814
32366,528.9151356281264
32367,547.0650632861689
32368,539.1759624080879
32369,530.9469983088692
32370,520.8410473573333
32371,520.9497101406247
32372,536.9520589774477
32373,545.4307165197174
32374,567.9632487247204
32375,820.3040357628072
32376,801.8966237683458
32377,746.907245787487
32378,582.1361914533823
32379,564.2818765789533
32380,556.1051606981066
32381,549.5222486909452
32382,773.8172971999131
32383,4305.533119563643
32384,4305.589807995293
32385,4305.626835756633
32386,4305.637449935708
32387,6090.017342760772
32388,7066.050756017843
32389,7066.067895348349
32390,7066.069776053706
32391,6861.393077053446
32392,6728.424279684141
32393,6728.442900681808
32394,6728.44711852999
32395,6875.351687584698
32396,6875.350593824565
32397,6875.346295226991
32398,6875.341679234683
32399,6377.862931164103
32400,1976.2914789453127
32401,1976.2605880372205
32402,1976.2650718934813
32403,4742.871543839274
32404,4742.900285802481
32405,4742.9207651016095
32406,4742.928764089642
32407,6701.151377938546
32408,6701.170780308403
32409,6701.175263918794
32410,6701.171366952218
32411,6536.729597155043
32412,6536.722690764853
32413,6536.717985201665
32414,6536.714874986597
32415,6620.140875100857
32416,6620.160015865928
32417,6620.161297857529
32418,6620.157319441205
32419,5383.751426049756
32420,5526.477389434285
32421,5526.49407857836
32422,5526.503356711872
32423,4651.814854722931
32424,4651.80275675328
32425,4651.798349064305
32426,4651.798520293548
32427,5437.15673667242
32428,5437.1575179254005
32429,5437.16414815237
32430,5437.168672904868
32431,5296.8001765443805
32432,5116.051778207768
32433,5116.031841631282
32434,5116.023574265886
32435,2496.6200995339686
32436,2496.5928977100784
32437,2496.582563784593
32438,2496.578509230786
32439,2937.4843445017887
32440,3367.703910889008
32441,3327.738634726226
32442,3330.993603180016
32443,3214.3174615025746
32444,3087.039948988776
32445,3067.6250633967743
32446,3052.2174718031674
32447,3084.888830247469
32448,3142.776425255482
32449,3171.130481701417
32450,3173.858150638253
32451,3180.7520438271745
32452,3171.2914829297074
32453,3187.857447282841
32454,3177.6910622974438
32455,3178.4104862814806
32456,3174.040062013454
32457,3172.0841154361765
32458,3294.061520828622
32459,3247.519023407208
32460,3083.5235366050133
32461,3079.000918175693
32462,3074.5599462989785
32463,3077.6322575966683
32464,3083.5822506009367
32465,3059.272667456636
32466,3053.1608248015627
32467,3069.001892937607
32468,3077.4401274667703
32469,3069.2302282369837
32470,3096.7310611208463
32471,3217.285627992841
32472,3227.2739286296905
32473,3289.484317297274
32474,3156.378593354815
32475,3108.8784595395423
32476,3098.6004101623207
32477,3111.0432118590265
32478,3204.860019867896
32479,4172.116091437251
32480,4172.17545191905
32481,4172.212966456623
32482,4172.2241939451405
32483,5999.538605141118
32484,6770.652555721561
32485,6770.668087231676
32486,6770.669204774062
32487,6578.738093235328
32488,6381.159997257029
32489,6381.178069474732
32490,6381.181743564641
32491,6582.815255400201
32492,6582.814038303157
32493,6582.8096171137295
32494,6582.804890763422
32495,6035.746507339222
32496,1527.7424676558248
32497,1527.7117943531148
32498,1527.716462234991
32499,4254.559952917678
32500,4254.58946194796
32501,4254.609811569733
32502,4254.617946203036
32503,6443.136665562786
32504,6443.156461099781
32505,6443.16123456756
32506,6443.156730974712
32507,6283.282256731697
32508,6283.275485092708
32509,6283.271125594088
32510,6283.268419811436
32511,6410.220435461623
32512,6410.2388629677125
32513,6410.23925689481
32514,6410.234829372389
32515,4815.942273063677
32516,5059.043285745283
32517,5059.06032074531
32518,5059.068193729123
32519,4359.487425943285
32520,4359.475072895557
32521,4359.470512782604
32522,4359.470518057615
32523,5116.128268911322
32524,5116.129746406158
32525,5116.1366279561125
32526,5116.141272186121
32527,5002.569051947026
32528,4537.504751272678
32529,4537.484943561434
32530,4537.476687066435
32531,2106.018534849313
32532,2105.991815294054
32533,2105.981316911903
32534,2105.9775660884648
32535,2282.409231515079
32536,933.7064739383547
32537,896.3593470295624
32538,875.7305592382398
32539,848.0798872982143
32540,803.2205665336762
32541,740.4132287521319
32542,673.3803315623591
32543,688.4444445191973
32544,692.9594501955168
32545,724.954506352822
32546,733.231939416129
32547,723.996030100876
32548,720.5860627067981
32549,726.493330427368
32550,769.629782002091
32551,726.7957934494852
32552,718.8780722521417
32553,733.4839555504219
32554,778.5097119584282
32555,855.9071678541541
32556,913.8595453987982
32557,754.4958743738056
32558,772.7972583941048
32559,757.0323989683801
32560,747.5793476382755
32561,668.262307326366
32562,583.8130063855946
32563,583.6867481705783
32564,589.2045376152214
32565,613.5150082111163
32566,610.1515516626848
32567,595.6046298115626
32568,565.6837022320611
32569,537.5029135893191
32570,629.1217561323356
32571,766.0848896793543
32572,688.9134669532182
32573,704.7590113280309
32574,815.0198067003315
32575,4284.227452147285
32576,4284.2900488725845
32577,4284.328432736451
32578,4284.3399903303925
32579,6165.351342292759
32580,6745.265294375948
32581,6745.27971197956
32582,6745.280082407526
32583,6617.661671589707
32584,6559.086992314141
32585,6559.103971606176
32586,6559.107558554094
32587,6603.853259872057
32588,6603.851938705303
32589,6603.8474178569095
32590,6603.843179653742
32591,6082.360985216104
32592,1467.8638085685209
32593,1467.833653639956
32594,1467.8386635779873
32595,4424.525548643026
32596,4424.556312127564
32597,4424.576553693566
32598,4424.584862268123
32599,6417.181263518216
32600,6417.201230195047
32601,6417.206198927643
32602,6417.201127257826
32603,6294.5549663637685
32604,6294.548175606589
32605,6294.543849143844
32606,6294.541271630387
32607,6440.424029923033
32608,6440.44204688723
32609,6440.442148721766
32610,6440.436995989632
32611,5028.47465315184
32612,5201.793476625397
32613,5201.80994784744
32614,5201.817673756792
32615,4548.10871268528
32616,4548.096072283559
32617,4548.091156718307
32618,4548.090522971921
32619,5399.984300828372
32620,5399.986486292278
32621,5399.993810391818
32622,5399.998647576963
32623,5327.229760471736
32624,4984.404001697163
32625,4984.384383051853
32626,4984.375633723299
32627,1979.465759037569
32628,1979.4397530840188
32629,1979.4293484525235
32630,1979.425755454734
32631,2236.444223992659
32632,870.8733377666572
32633,807.7632116244101
32634,803.9754253181296
32635,780.2559933528637
32636,720.2511388017915
32637,674.0328223804154
32638,673.4039448571624
32639,697.2800587758493
32640,718.1611056880358
32641,723.3604251920742
32642,738.323447174852
32643,726.3307958274237
32644,822.2768302212045
32645,839.3292484224578
32646,736.0983130103202
32647,747.1338325621857
32648,786.5519119686261
32649,782.7228435765218
32650,765.584312742887
32651,711.9444605845812
32652,614.7144689392438
32653,596.763085080762
32654,609.6575932246614
32655,601.1696533313892
32656,603.6164573785059
32657,600.0531549287265
32658,601.0762935405537
32659,600.9944982656452
32660,611.5680665749645
32661,747.3434120092624
32662,856.4457153527663
32663,856.3416967901252
32664,636.5612754598767
32665,570.1408185897902
32666,555.2315066747353
32667,567.4307779077291
32668,549.3456428584817
32669,615.7593367037206
32670,804.1502654055007
32671,4572.771370640616
32672,4572.834093584339
32673,4572.871719254772
32674,4572.885328835468
32675,6018.9984032605735
32676,6720.689054095997
32677,6720.704048151029
32678,6720.705379018439
32679,6642.64770061322
32680,6838.733194800777
32681,6838.748487355871
32682,6838.751940759582
32683,6740.632624961228
32684,6740.633745349735
32685,6740.631574891299
32686,6740.628836057872
32687,5796.08510491599
32688,1666.4536393653252
32689,1666.4240233298042
32690,1666.4262273233037
32691,4651.98248891428
32692,4652.012419774084
32693,4652.028513169735
32694,4652.035087532251
32695,6622.833675981268
32696,6622.848450110063
32697,6622.851107225522
32698,6622.846894458637
32699,6550.179609444983
32700,6550.173568663246
32701,6550.169422504551
32702,6550.166617912299
32703,6749.110109705614
32704,6749.124798227238
32705,6749.125292081522
32706,6749.122395414996
32707,5306.435792885214
32708,5771.511221549844
32709,5771.525292969679
32710,5771.533584243988
32711,5034.912234836201
32712,5034.900716447214
32713,5034.896384947876
32714,5034.896854185442
32715,5795.918055050033
32716,5795.918786786455
32717,5795.92479636516
32718,5795.928839750546
32719,5773.707286441465
32720,5170.968433844657
32721,5170.948953877003
32722,5170.940238344283
32723,2181.5545464893394
32724,2181.5264337574654
32725,2181.51491255961
32726,2181.510234325152
32727,2388.873301606808
32728,733.7833499940881
32729,690.8675360063683
32730,692.3251449569509
32731,604.3802517610665
32732,583.4401966522785
32733,567.9313866547456
32734,561.5552020381913
32735,576.0628193471103
32736,523.9219896276653
32737,540.3719594590993
32738,541.6775062867692
32739,545.9654986309473
32740,558.5556395019632
32741,549.0190967493883
32742,540.8945977535132
32743,554.5270142292374
32744,575.8225323304831
32745,555.1501862594413
32746,543.0143257850385
32747,555.0625975345815
32748,578.4791480324911
32749,565.3467896427596
32750,609.776926020913
32751,716.3611439857729
32752,650.2112924645976
32753,572.4161634162057
32754,576.6707614483327
32755,506.6958844480753
32756,487.44850782629896
32757,499.2122306293093
32758,508.1112648816666
32759,483.6616959256317
32760,488.5377934372256
32761,482.1222964075732
32762,495.3879846036277
32763,521.0213666264362
32764,601.2419852641849
32765,600.9983581620767
32766,567.1806264750164
32767,567.7064424654716
32768,697.8803486214838
32769,519.0840805803476
32770,622.4424567007576
32771,1613.078726756044
32772,1576.7628893607791
32773,1570.425251978855
32774,1587.8556031382614
32775,1578.79128756966
32776,1553.468508874503
32777,2092.5707840477494
32778,2322.113664423278
32779,2345.348923640258
32780,2109.003539538244
32781,1523.4758349228998
32782,1512.9032996786048
32783,1827.58745248206
32784,2164.8800444063763
32785,1584.7045710010182
32786,1579.5768732130646
32787,1735.8934009059
32788,2447.5777424542266
32789,2392.586985306171
32790,2374.234363093409
32791,2438.0625487166453
32792,2390.2709143246625
32793,2381.991090997987
32794,2396.330562938624
32795,2375.2100467509317
32796,2348.446255418746
32797,2376.36088643072
32798,2371.4775618806766
32799,2355.8465646626787
32800,2352.7143187107763
32801,2325.2850159364493
32802,2352.6427348629118
32803,2351.171012704642
32804,2317.465787445072
32805,1998.0532010474983
32806,2084.45929529583
32807,1599.1522417240526
32808,980.591045899792
32809,1464.3472925134995
32810,2091.410911025924
32811,1971.714554409732
32812,1977.7395453413317
32813,2293.257156581932
32814,2285.343951070407
32815,1720.804501600271
32816,1588.2424061352388
32817,1594.4377978654468
32818,1610.5045514513708
32819,1585.4578328523985
32820,1599.1157447304604
32821,1603.257704544282
32822,1586.2277493095771
32823,1574.9620187925725
32824,599.2301057496439
32825,553.8206372309091
32826,561.6984019123454
32827,489.4020531812413
32828,441.3590978737867
32829,433.2878388721266
32830,417.2098385709113
32831,460.3272299472408
32832,516.892893829834
32833,525.0785235861781
32834,443.8406146500744
32835,435.5862396205071
32836,436.0204308090205
32837,506.3132142355794
32838,556.4134538851192
32839,544.278945070138
32840,502.11934494666485
32841,450.81037892964105
32842,457.26739966787966
32843,463.598882745399
32844,486.21909990266624
32845,463.94665042182174
32846,479.47932207755485
32847,491.56647882757625
32848,481.4600106908434
32849,464.9994490017111
32850,466.3329718414877
32851,458.4384355065364
32852,469.45370484419567
32853,642.0993036081059
32854,652.4761989910594
32855,561.4044324668401
32856,512.3509091959492
32857,481.85928609759
32858,479.7245573182314
32859,477.2010674849813
32860,500.1260242899706
32861,500.9310935522476
32862,503.7798977948349
32863,528.9126647303389
32864,518.7385206030204
32865,501.1592206382242
32866,600.0801119151561
32867,1664.579654591045
32868,2269.377537383453
32869,2376.006861136085
32870,2245.5566634594534
32871,1638.727272311727
32872,1648.222097609358
32873,1611.7358327158888
32874,1640.326353828316
32875,1661.6067683350846
32876,1572.6363605795225
32877,1547.5633027349556
32878,1560.677630838068
32879,1540.3347987161708
32880,1546.361344655277
32881,1583.0302166027943
32882,1658.341826315867
32883,2236.943552173073
32884,2306.173559515501
32885,2176.186356375622
32886,1808.6395783971288
32887,2351.019320589607
32888,1700.9931401789254
32889,1591.3398158285331
32890,1612.594782935873
32891,1591.8295237985894
32892,1597.5384901681557
32893,1613.747360615141
32894,1609.9561459019658
32895,1653.5205490791266
32896,2246.4819559803727
32897,2417.2361921610395
32898,2412.5632977717746
32899,2232.681185229348
32900,1629.1551262316286
32901,1674.9824012370118
32902,1657.831811933457
32903,1470.1470407733352
32904,1268.540332598874
32905,1148.1512254957026
32906,1638.6252551127711
32907,1664.6812816192662
32908,1636.7955586159508
32909,1648.460917933024
32910,1661.1904757602897
32911,1793.7974949596485
32912,2435.523338117208
32913,2428.1062151180704
32914,2343.0878435357945
32915,2123.2593489046494
32916,1645.1143618529625
32917,1645.7452452164396
32918,1694.6043118907887
32919,1862.1486546241144
32920,562.2004202918009
32921,439.0297289778534
32922,411.5890949770507
32923,447.4605839131804
32924,449.9642184709928
32925,437.68954847671966
32926,450.8679168169969
32927,456.0942994496997
32928,499.854732314
32929,573.7538749597821
32930,545.2831310689626
32931,537.6211191313879
32932,487.92187506585833
32933,489.3108227375595
32934,517.2664375132618
32935,605.0272486814911
32936,529.2893235339723
32937,502.7611068229424
32938,503.0321160516136
32939,498.14884988635737
32940,512.0756777090423
32941,512.494648819903
32942,559.9740338879838
32943,554.1512759416391
32944,539.1045713013573
32945,518.5021317365836
32946,487.87756861668765
32947,485.6464466677882
32948,473.5353768689162
32949,478.7760067262329
32950,468.111119166976
32951,537.9878944090059
32952,559.8976646215277
32953,479.0876777885765
32954,479.1900150455168
32955,489.0707682516982
32956,520.6965042694601
32957,575.280602805354
32958,711.9236908058774
32959,5045.669432387755
32960,5045.729461752877
32961,5045.768386454389
32962,5045.77991388838
32963,6636.870573262391
32964,7409.333396191196
32965,7409.347759018139
32966,7409.348643759684
32967,7109.778715116081
32968,6896.095504525254
32969,6896.11256750221
32970,6896.116243469665
32971,7251.416202921524
32972,7251.415209133282
32973,7251.411056447878
32974,7251.406611356988
32975,6524.477600038845
32976,1934.8605847287447
32977,1934.82787578213
32978,1934.831691991864
32979,5490.095378645803
32980,5490.123306774642
32981,5490.144731775965
32982,5490.1521797488585
32983,7080.6707634510585
32984,7080.68800139745
32985,7080.6916846664735
32986,7080.687216866214
32987,6988.483285717999
32988,6988.475686870848
32989,6988.4704460505
32990,6988.4669734093895
32991,7115.415560283109
32992,7115.43462918733
32993,7115.436014831408
32994,7115.432465300306
32995,6050.227872572317
32996,6310.571507064698
32997,6310.587906843124
32998,6310.598943239151
32999,5529.461684508884
33000,5529.450569285715
33001,5529.446739731991
33002,5529.447142391169
33003,6804.200981872367
33004,6804.201458873438
33005,6804.208146827506
33006,6804.2128016820425
33007,6649.250487632336
33008,6149.841639403441
33009,6149.82125348244
33010,6149.812380481699
33011,2482.584712984203
33012,2482.557067537843
33013,2482.546614276408
33014,2482.5426585620035
33015,2322.7227857885205
33016,861.5198887837277
33017,788.4085447879432
33018,801.9591120448504
33019,784.9338790698451
33020,752.3512459820121
33021,702.5500958197617
33022,709.4922400225506
33023,710.3097547130467
33024,726.1373418964938
33025,782.5215447018538
33026,805.2271994785071
33027,802.3705114129302
33028,863.1559376319216
33029,876.3098742742242
33030,783.386941859369
33031,762.3759359759625
33032,735.3545838538312
33033,745.0604284443913
33034,755.5403593872859
33035,755.2543311904984
33036,638.0607769988967
33037,542.5637495269434
33038,533.7204478495097
33039,551.0191287062504
33040,543.0141028954674
33041,535.2635490999401
33042,525.0675253185092
33043,525.2385169660396
33044,540.5604253995292
33045,549.0350781106144
33046,571.483286676344
33047,819.2492946889165
33048,801.4643020200724
33049,746.9993226894031
33050,585.6262371904298
33051,567.5933483796935
33052,559.2883056613456
33053,555.473509059012
33054,779.0122449458061
33055,4618.324839591249
33056,4618.38370447719
33057,4618.42292776817
33058,4618.434792095064
33059,6467.321023171922
33060,7293.938873184234
33061,7293.953390670329
33062,7293.954036963492
33063,7044.498316588293
33064,6826.823790268969
33065,6826.8401059675925
33066,6826.843785123896
33067,7044.999441424282
33068,7044.998288119109
33069,7044.993973115356
33070,7044.989389175446
33071,6514.940364570706
33072,1891.726091957451
33073,1891.6934777151653
33074,1891.6968222733449
33075,4908.8656809766
33076,4908.894278391093
33077,4908.914708032102
33078,4908.921578108162
33079,6939.299164657221
33080,6939.31633802943
33081,6939.319924440906
33082,6939.315248262808
33083,6809.422833895804
33084,6809.415390966953
33085,6809.410416653873
33086,6809.407497412087
33087,6881.164735673359
33088,6881.182553096107
33089,6881.183789415649
33090,6881.18011326938
33091,5603.811450099938
33092,5760.4723776243645
33093,5760.488482367249
33094,5760.4981358908135
33095,4824.650618786947
33096,4824.639385695593
33097,4824.635654340522
33098,4824.636416415708
33099,5749.913181431748
33100,5749.913637720205
33101,5749.9201096819415
33102,5749.924685321905
33103,5501.647867504174
33104,5371.733762107166
33105,5371.713406778248
33106,5371.704527131589
33107,2304.155720381094
33108,2304.127775592757
33109,2304.117307817591
33110,2304.112914292169
33111,2938.963495014669
33112,3342.258740350395
33113,3281.6400668671927
33114,3284.491436712685
33115,3169.6874701529905
33116,3043.9913888645647
33117,3024.548373196148
33118,3009.635676751168
33119,3041.694705614365
33120,3099.1616417584914
33121,3127.040662960976
33122,3129.8882444053515
33123,3136.7817279204783
33124,3127.2603236561386
33125,3143.9788730983305
33126,3133.6506214488413
33127,3134.5289083229723
33128,3130.1302558805355
33129,3128.4929839098936
33130,3248.180608587242
33131,3202.6476889878595
33132,3041.781688706077
33133,3037.013932468394
33134,3032.6546849496917
33135,3036.2403728947115
33136,3041.2899950458686
33137,3017.4737599556715
33138,3011.195888397048
33139,3026.8531034032394
33140,3034.9201514467118
33141,3026.908435031068
33142,3053.6888350338177
33143,3172.253509952594
33144,3182.212560302393
33145,3243.605992589432
33146,3112.6228041479303
33147,3065.9342248485696
33148,3055.752380087936
33149,3069.539535800841
33150,3164.353270971328
33151,4260.130812985746
33152,4260.192970994784
33153,4260.232759084476
33154,4260.245097551418
33155,6218.727156115498
33156,7019.24985865163
33157,7019.263443205826
33158,7019.262412105076
33159,6839.072623992561
33160,6501.097541059107
33161,6501.113613853902
33162,6501.1172332714505
33163,6750.853657541221
33164,6750.8523657148535
33165,6750.847917271202
33166,6750.844155547565
33167,6146.36828426964
33168,1702.355620658554
33169,1702.323138507612
33170,1702.3267977634146
33171,4590.721843205029
33172,4590.752074323231
33173,4590.772613964611
33174,4590.780177197987
33175,6779.631697192463
33176,6779.649021759304
33177,6779.652304991754
33178,6779.646612822684
33179,6604.760800517904
33180,6604.753337569343
33181,6604.74839337896
33182,6604.746049716877
33183,6632.314226573482
33184,6632.3315193039925
33185,6632.332136182264
33186,6632.328099144772
33187,4967.367087109169
33188,5267.516068909348
33189,5267.531913984598
33190,5267.540298733891
33191,4430.945808951194
33192,4430.934445996219
33193,4430.930533547336
33194,4430.9308804016655
33195,5279.535922642024
33196,5279.536587874563
33197,5279.5432283088285
33198,5279.54792519954
33199,5037.31824996198
33200,4773.103955572588
33201,4773.083687028034
33202,4773.074929950876
33203,2100.887661908884
33204,2100.8598443913647
33205,2100.8496458131262
33206,2100.845577825922
33207,2294.0615291530225
33208,952.7911771138628
33209,897.3627321544897
33210,876.9688281446145
33211,849.3085331591202
33212,803.6733184391326
33213,741.3965511435339
33214,675.9509761359215
33215,690.7884429020071
33216,695.4889933667151
33217,726.9544748900641
33218,735.605273669824
33219,726.6603678620006
33220,722.893528434811
33221,728.6439625955878
33222,770.1364178148336
33223,727.8029548361914
33224,720.577267552847
33225,734.8689033128624
33226,779.5323461598668
33227,855.1695158868853
33228,912.084484410048
33229,755.667877830656
33230,773.4682238701887
33231,758.1540697309387
33232,748.207227853356
33233,670.399686075721
33234,587.7106312333835
33235,587.5237574942519
33236,593.2818891085034
33237,617.0258854897016
33238,613.3984565525008
33239,599.4423553876976
33240,569.8022244425417
33241,542.2278574911802
33242,631.9734147387394
33243,766.719381963422
33244,691.1852149578227
33245,707.7290145338226
33246,818.6723507573729
33247,4605.6439234693735
33248,4605.7090571341305
33249,4605.750249650815
33250,4605.762745108941
33251,6690.575103014708
33252,7409.161370410113
33253,7409.172873331694
33254,7409.170905737666
33255,7229.090082524906
33256,7046.288509476701
33257,7046.304276112238
33258,7046.307811204115
33259,7099.903068153288
33260,7099.901655478503
33261,7099.897093175079
33262,7099.894197611238
33263,6465.0677067509405
33264,1907.0648699213752
33265,1907.032848473359
33266,1907.0371660028584
33267,4794.881798210907
33268,4794.913801345396
33269,4794.934603992271
33270,4794.942750360238
33271,7026.565370840216
33272,7026.582826030636
33273,7026.584939685846
33274,7026.57926630714
33275,6817.043666032093
33276,6817.036192712324
33277,6817.031411898272
33278,6817.029127073424
33279,6833.353843609283
33280,6833.370868759642
33281,6833.371233599672
33282,6833.366849156509
33283,5236.060473520656
33284,5322.9083577367
33285,5322.923287455969
33286,5322.931493719154
33287,4625.605385674852
33288,4625.593687458652
33289,4625.589370428342
33290,4625.5895988333405
33291,5518.1140850692855
33292,5518.114932647334
33293,5518.1218665152655
33294,5518.126712223874
33295,5381.737983110687
33296,5168.046784052867
33297,5168.026600266117
33298,5168.018029460925
33299,2298.431850432168
33300,2298.404717518698
33301,2298.3946147772776
33302,2298.3912203523623
33303,2250.1032537038755
33304,890.1723966286634
33305,805.9604152163939
33306,802.1302640412148
33307,778.5206641763847
33308,718.2859588107381
33309,673.9027269509895
33310,674.2232645184428
33311,697.8399709150785
33312,718.3370340958489
33313,723.9575568351373
33314,738.365479915976
33315,727.0547972999731
33316,820.7920099626438
33317,837.4816800051589
33318,736.761364441151
33319,748.2557497613657
33320,787.1480340262494
33321,783.2687258087053
33322,766.8790259238134
33323,714.1875118046553
33324,618.4888309650912
33325,600.9140712470676
33326,613.8865555058137
33327,605.7494029692391
33328,608.1321137066724
33329,604.213476888707
33330,605.6902713001181
33331,605.5722083089765
33332,615.4911986969001
33333,748.3429153303288
33334,855.3665974686523
33335,855.5026499985383
33336,639.8197348424503
33337,574.3874574332962
33338,559.9341321428385
33339,572.0091503229656
33340,553.663527847243
33341,619.0340058105271
33342,803.9644435469867
33343,4534.337559385642
33344,4534.403869739219
33345,4534.443455001756
33346,4534.45751023893
33347,6446.297055551917
33348,6987.03093738105
33349,6987.044714890381
33350,6987.044605992695
33351,6852.094413849924
33352,6741.615149396548
33353,6741.630247908721
33354,6741.63388197411
33355,6676.6328068557805
33356,6676.633848998291
33357,6676.631701919777
33358,6676.629004496676
33359,5680.048086342501
33360,1727.1527033535444
33361,1727.1208962810838
33362,1727.1221061883175
33363,4653.74734615633
33364,4653.776929312439
33365,4653.794433781
33366,4653.79950574884
33367,6766.047862667861
33368,6766.062373031202
33369,6766.064535964551
33370,6766.059909645739
33371,6622.202364502284
33372,6622.196111855837
33373,6622.191747164163
33374,6622.188763124677
33375,6661.591918981752
33376,6661.606573774598
33377,6661.606114759228
33378,6661.602988421104
33379,5117.587310262953
33380,5108.063689981573
33381,5108.077611257308
33382,5108.085700918906
33383,4132.433512120958
33384,4132.422405331846
33385,4132.418743773814
33386,4132.41964136761
33387,5024.791020811257
33388,5024.79166697031
33389,5024.797942355928
33390,5024.801902309713
33391,4963.5667234365865
33392,4888.472579895751
33393,4888.4527757458845
33394,4888.443455918924
33395,2087.639483090643
33396,2087.6107527056374
33397,2087.599067803625
33398,2087.5948215836324
33399,2382.725654751313
33400,744.1614823896929
33401,690.6751338771495
33402,689.8357811341798
33403,603.2527874626226
33404,583.9846679442344
33405,566.3143251289472
33406,560.9012640549472
33407,576.1294199076301
33408,523.406157830823
33409,540.746437879716
33410,542.8933559623849
33411,545.5671709554597
33412,559.3476936084785
33413,549.8776835451731
33414,541.022876999347
33415,556.7179000768216
33416,575.7001973609904
33417,554.5404961626449
33418,545.6884585820256
33419,554.9540400900809
33420,578.0069777012503
33421,567.2351110163496
33422,608.5619051718083
33423,714.1126454804776
33424,650.0725272587476
33425,572.0382716062514
33426,578.2049396800891
33427,508.1518700298943
33428,488.5499500300045
33429,502.8362445590884
33430,508.8875455678549
33431,485.4923791109292
33432,492.2025516988383
33433,483.31933578767166
33434,497.4378718851236
33435,523.383810801085
33436,600.8056304814504
33437,602.6842137751975
33438,568.6434637996863
33439,568.2744183429636
33440,698.5617293608608
33441,520.9640164318081
33442,622.372262463224
33443,1623.3158836043592
33444,1583.354136992781
33445,1578.8042991491843
33446,1605.6027489745773
33447,1585.346128621801
33448,1565.8359845261823
33449,2098.123137703778
33450,2315.463136112884
33451,2346.349892335635
33452,2087.238769703373
33453,1508.290169049134
33454,1500.8718892534462
33455,1808.1956877267653
33456,2153.1708890375285
33457,1601.5900122372318
33458,1587.6481988195676
33459,1738.8844581592523
33460,2450.840733776853
33461,2383.869038687136
33462,2365.812632387453
33463,2441.858595660128
33464,2381.364316207864
33465,2373.216494715921
33466,2398.981053919178
33467,2366.360289002861
33468,2340.0186553848835
33469,2379.7103950676046
33470,2362.90827508845
33471,2347.497017792029
33472,2358.472277586289
33473,2317.985613915213
33474,2344.868371726507
33475,2356.776186450189
33476,2310.0629640098164
33477,1996.474740309424
33478,2095.418813757756
33479,1605.5862001895844
33480,977.3504080559215
33481,1455.3965436932124
33482,2083.882726957329
33483,1972.2675687526848
33484,1989.397484719276
33485,2286.9106862651315
33486,2282.199322549028
33487,1736.0181448775218
33488,1594.507767581176
33489,1603.6429651859048
33490,1624.997023927221
33491,1591.3458345779018
33492,1610.2464369177862
33493,1617.4704254091007
33494,1592.053516840193
33495,1587.195900713697
33496,619.3616040802082
33497,555.5760754085613
33498,564.9194997404309
33499,493.5228603831525
33500,443.8490157307204
33501,437.9436417205423
33502,421.1288895796261
33503,462.8777048771907
33504,516.8675454203101
33505,528.4264110326286
33506,445.7092695681553
33507,438.1328835613444
33508,440.7667120933265
33509,507.5576691578487
33510,558.1342010840615
33511,546.4411574629434
33512,503.5637609324635
33513,455.599163239636
33514,460.382714340012
33515,465.6724527202748
33516,491.0295328789757
33517,466.27097220371
33518,481.7028036653256
33519,496.2399102539435
33520,483.5585896525416
33521,468.5185319800493
33522,470.4959317056116
33523,460.6405230531676
33524,472.5549205239213
33525,642.1751853308989
33526,651.0102223689436
33527,563.5744925025716
33528,513.7130666580055
33529,483.1572482882297
33530,483.725362606942
33531,478.960463108878
33532,501.3720279757706
33533,504.9702434270211
33534,505.0185430726221
33535,530.1441486160869
33536,522.3677988487266
33537,502.77909957220686
33538,601.7009819557443
33539,1666.7211547880092
33540,2263.1197712648827
33541,2376.358074779659
33542,2244.2080854092733
33543,1643.5581295844202
33544,1663.556332902553
33545,1619.2335213275508
33546,1645.189264542096
33547,1678.844416105695
33548,1557.7184181353098
33549,1531.6982127657438
33550,1548.2610605546272
33551,1524.2378900574297
33552,1545.1871309583526
33553,1601.196355200853
33554,1662.4320780527732
33555,2230.6572179780646
33556,2311.815697138037
33557,2171.180498097141
33558,1810.6700166760377
33559,2356.0093618164537
33560,1704.311505977433
33561,1599.7105461767862
33562,1628.147857565065
33563,1597.1488218626914
33564,1607.937513651521
33565,1627.828745049795
33566,1615.1478509541969
33567,1665.1016364288985
33568,2248.1413613260183
33569,2408.057532409138
33570,2412.974944370566
33571,2231.464998807799
33572,1634.277670493426
33573,1692.1574440854636
33574,1663.2888363947336
33575,1478.8679119639762
33576,1265.2801606967466
33577,1140.415738133887
33578,1642.2400914508166
33579,1680.2068940871006
33580,1642.59936798818
33581,1660.6527501243102
33582,1673.4665959568745
33583,1796.7411588103837
33584,2437.2551551629617
33585,2424.076836956313
33586,2336.3886408018598
33587,2133.9466968972297
33588,1651.4766313782277
33589,1651.4476347111045
33590,1714.7598304660537
33591,1864.1532553623035
33592,576.2962944490306
33593,443.0492896774138
33594,414.13793446354055
33595,450.39292450957146
33596,452.36927959417307
33597,439.1832309714732
33598,454.282721824837
33599,458.28976946136976
33600,500.3932083667015
33601,576.2470542504957
33602,546.000584886648
33603,538.4642796774306
33604,492.1620493352508
33605,490.7990024603726
33606,519.1857597741861
33607,607.2188219678034
33608,530.1146907865505
33609,505.7678065596827
33610,506.1361998191904
33611,499.7613079699837
33612,515.4058747734724
33613,514.7474532588141
33614,560.0958226661832
33615,557.0928488118624
33616,539.5455102856397
33617,519.4135065345843
33618,492.1482987888531
33619,486.9732047348882
33620,475.9447864770572
33621,481.8407852151662
33622,469.747469690757
33623,539.8366324649611
33624,560.8821909089335
33625,480.1998623877758
33626,482.4035626340461
33627,490.39289840437465
33628,521.9359911265451
33629,581.1723738233387
33630,715.572174075702
33631,5049.408764104586
33632,5049.465308918845
33633,5049.505737929832
33634,5049.518733225059
33635,6926.6144585136935
33636,7853.570993794492
33637,7853.584921760848
33638,7853.586125923684
33639,7468.040057928581
33640,7275.056659197309
33641,7275.07227792392
33642,7275.076109340289
33643,7481.669264889546
33644,7481.668147674985
33645,7481.663954637237
33646,7481.659464291521
33647,6598.592278294758
33648,1955.8109526603228
33649,1955.7772258563643
33650,1955.77879618916
33651,5320.143647126376
33652,5320.171899653494
33653,5320.191599450528
33654,5320.197575710236
33655,7325.990528466302
33656,7326.007388116914
33657,7326.010499926406
33658,7326.005569802719
33659,7142.247021578858
33660,7142.239114203165
33661,7142.233520627628
33662,7142.230611585686
33663,7188.771731054931
33664,7188.789141780286
33665,7188.79040186718
33666,7188.786978481858
33667,5675.748711411605
33668,6051.100307992744
33669,6051.115986473012
33670,6051.126702233302
33671,5200.847777252238
33672,5200.836866450649
33673,5200.833513152938
33674,5200.834590767663
33675,6066.651852950042
33676,6066.6521564121895
33677,6066.658572241252
33678,6066.663070723002
33679,6037.11946039757
33680,5608.041787186312
33681,5608.021670372831
33682,5608.0130554676525
33683,2312.013675820079
33684,2311.98492806777
33685,2311.974781889465
33686,2311.9706097021663
33687,2334.318572039537
33688,881.9375336872305
33689,789.1671550180412
33690,802.4719808828053
33691,785.6385067212227
33692,752.6066322741815
33693,703.2623216126848
33694,710.0358002655374
33695,710.8912850782536
33696,727.0117617892435
33697,782.3058033488044
33698,804.4959302252232
33699,801.8511369730002
33700,861.4566902940852
33701,874.5401884864681
33702,783.5266900595967
33703,762.3950599145787
33704,735.747279321447
33705,745.8550039924473
33706,756.1514148197526
33707,755.7688279983387
33708,641.2754615558821
33709,546.8596956384979
33710,538.1707501970176
33711,554.6810731981994
33712,546.5686868296896
33713,539.261199041011
33714,528.9817568867749
33715,529.2104726275716
33716,543.9022106611403
33717,552.373154412474
33718,574.7432690537054
33719,818.2724764384266
33720,801.0639196094022
33721,747.0845970761383
33722,588.8584431368778
33723,570.6601731872389
33724,562.2362842420762
33725,560.9850984764038
33726,783.8233970798652
33727,4399.421767478638
33728,4399.477389247917
33729,4399.5181313770045
33730,4399.531494619154
33731,6175.185995603769
33732,6867.617976661773
33733,6867.632029812785
33734,6867.63306919858
33735,6533.192343767092
33736,6290.169362061881
33737,6290.184876331352
33738,6290.188681760095
33739,6442.832892621364
33740,6442.831692034806
33741,6442.827427054252
33742,6442.824185455645
33743,6149.107104314668
33744,1642.99385137776
33745,1642.960208336954
33746,1642.9614114716098
33747,4356.049435111659
33748,4356.0798317929375
33749,4356.098331994342
33750,4356.104399590718
33751,6371.265505923929
33752,6371.282314582767
33753,6371.285075708332
33754,6371.279025523962
33755,6223.985111500577
33756,6223.977431255833
33757,6223.97317322667
33758,6223.970562260107
33759,6196.891176321691
33760,6196.907191590553
33761,6196.907943167871
33762,6196.904393562263
33763,4702.130183088443
33764,4639.804488526404
33765,4639.819810116411
33766,4639.828563900412
33767,3881.915839582824
33768,3881.904979698503
33769,3881.901680410051
33770,3881.902806170428
33771,4570.8632118557925
33772,4570.864131495857
33773,4570.870439433062
33774,4570.874866016709
33775,4480.272657249918
33776,4458.918978318353
33777,4458.89890767612
33778,4458.890311710317
33779,1969.1538009697
33780,1969.125241150836
33781,1969.1140623891151
33782,1969.110099276284
33783,2940.333367917099
33784,3318.693424099595
33785,3238.9471979528907
33786,3241.4247865015154
33787,3128.354681330553
33788,3004.1231972983437
33789,2984.654129764961
33790,2970.1997662940385
33791,3001.7001457688984
33792,3058.7521441877884
33793,3086.191040873376
33794,3089.1497223575443
33795,3096.042826306137
33796,3086.4650501034616
33797,3103.324971032368
33798,3092.846748431632
33799,3093.872223232807
33800,3089.447417127462
33801,3088.1054001073267
33802,3205.6715219174066
33803,3161.073985444473
33804,3003.107483172416
33805,2998.112604503364
33806,2993.829075353107
33807,2997.8904114779366
33808,3002.1058317625625
33809,2978.7466881765627
33810,2972.3149893135987
33811,2987.8018627060424
33812,2995.525003060671
33813,2987.696904842909
33814,3013.8098171631577
33815,3130.5308389074307
33816,3140.4627885975724
33817,3201.0993032931897
33818,3072.0826634916825
33819,3026.145996906539
33820,3016.053286606944
33821,3031.0859986655664
33822,3126.8233960094144
33823,4327.849325118841
33824,4327.908794505776
33825,4327.950855037452
33826,4327.964784546079
33827,6099.250248629745
33828,6838.922082711988
33829,6838.935495977335
33830,6838.934111301833
33831,6667.529089520178
33832,6397.722193177822
33833,6397.737430613521
33834,6397.74114295471
33835,6559.638736769453
33836,6559.637289732591
33837,6559.632923826472
33838,6559.630408212439
33839,6161.092788887974
33840,1651.443553177938
33841,1651.4100995457918
33842,1651.411533939019
33843,4287.761563486079
33844,4287.793822171757
33845,4287.813103290865
33846,4287.8193817088695
33847,6568.364144764459
33848,6568.380876510953
33849,6568.382404163098
33850,6568.376348495101
33851,6380.298804959718
33852,6380.291112265054
33853,6380.287022872332
33854,6380.284456862572
33855,6407.664453854568
33856,6407.68024980814
33857,6407.680781287856
33858,6407.677214292593
33859,4702.600993758575
33860,4783.110035452201
33861,4783.12426463063
33862,4783.132415968134
33863,4019.4606968099006
33864,4019.44953446926
33865,4019.4460368314512
33866,4019.4470413708814
33867,4723.057995286375
33868,4723.058502223879
33869,4723.064929303318
33870,4723.0694769290985
33871,4565.813495273378
33872,4326.005141686384
33873,4325.985146354619
33874,4325.976687017564
33875,1973.4004525755493
33876,1973.3720050071329
33877,1973.3613024120184
33878,1973.3574577261656
33879,2304.857489956681
33880,970.473329924766
33881,898.2923776901831
33882,878.116095661544
33883,850.4468848360224
33884,804.0927972386761
33885,742.3076083723129
33886,678.3327019481719
33887,692.9597256145047
33888,697.8336090998105
33889,728.8082316282389
33890,737.8051004584971
33891,729.1299237502492
33892,725.0323021513765
33893,730.6373683911964
33894,770.6060149780806
33895,728.736485625436
33896,722.1522396984095
33897,736.152601630529
33898,780.4802185920098
33899,854.4857914785813
33900,910.4391928930602
33901,756.7541995726457
33902,774.0901370399271
33903,759.193738453415
33904,748.7892055984049
33905,672.3808073708151
33906,591.3233122280704
33907,591.0802543869518
33908,597.0611574638951
33909,620.2800928889127
33910,616.4079898054636
33911,602.9995161697549
33912,573.6196536454676
33913,546.6073746848114
33914,634.616596997939
33915,767.3074883886021
33916,693.290882168357
33917,710.4818895679115
33918,822.0578680948395
33919,4502.704272181648
33920,4502.769531211737
33921,4502.812141022566
33922,4502.826327226046
33923,6420.745369366636
33924,7000.87009940923
33925,7000.882323889739
33926,7000.87790806473
33927,6815.207329162413
33928,6632.426728124328
33929,6632.441629270621
33930,6632.445220927306
33931,6660.362830277543
33932,6660.3612397574
33933,6660.357607450347
33934,6660.355023097258
33935,6154.4369486732885
33936,1706.831546117473
33937,1706.7983389691594
33938,1706.8003561840535
33939,4534.285132523652
33940,4534.317915853138
33941,4534.338124420519
33942,4534.344921495791
33943,6609.187100229759
33944,6609.203254288037
33945,6609.204885413845
33946,6609.198849758108
33947,6435.009151873813
33948,6435.001454433129
33949,6434.997431380377
33950,6434.994924960361
33951,6443.648432998552
33952,6443.664101502492
33953,6443.664398765756
33954,6443.660702949955
33955,4919.518420038295
33956,4892.388737119518
33957,4892.403415538154
33958,4892.411425001703
33959,4241.068515087071
33960,4241.057129437629
33961,4241.053356299702
33962,4241.053960370425
33963,5045.351233397097
33964,5045.351784829468
33965,5045.358354572624
33966,5045.363050986499
33967,4943.709659664216
33968,4798.188338494499
33969,4798.168444967468
33970,4798.160148716171
33971,2069.008746088264
33972,2068.9814129553406
33973,2068.97133702856
33974,2068.9677153609364
33975,2262.7637120523914
33976,908.0605582370504
33977,804.2894159348124
33978,800.4199970613065
33979,776.9121997960974
33980,716.4644473307798
33981,673.7821424145767
33982,674.9826861366007
33983,698.3588423739451
33984,718.5001677103667
33985,724.5112607223411
33986,738.4044557304728
33987,727.7261441199735
33988,819.4151766319787
33989,835.7684802000274
33990,737.3761939497394
33991,749.2960729824235
33992,787.7008017524092
33993,783.7749075149119
33994,768.079578146127
33995,716.267432026906
33996,621.9886939345134
33997,604.763167510369
33998,617.8079568937912
33999,609.9960799061545
34000,612.3193586655178
34001,608.0712299788707
34002,609.968687040805
34003,609.8169939855201
34004,619.1290121190588
34005,749.2697275007721
34006,854.3659608852012
34007,854.7246247917941
34008,642.8412153608368
34009,578.3252498154562
34010,564.2947484859887
34011,576.2545501989124
34012,557.6673848368216
34013,622.0705171641115
34014,803.7921360054554
34015,4818.611833520778
34016,4818.68031206409
34017,4818.72195598165
34018,4818.736593824425
34019,6408.825729480629
34020,6860.276223856208
34021,6860.2883402287935
34022,6860.283856663105
34023,6816.360461751045
34024,6586.138982155399
34025,6586.153442555145
34026,6586.156738468484
34027,6539.233100948852
34028,6539.234019024294
34029,6539.232077850025
34030,6539.229699937623
34031,5782.563942876996
34032,1958.9240995539008
34033,1958.8930998412552
34034,1958.8932798323813
34035,4777.204970120818
34036,4777.2345411846345
34037,4777.251317627162
34038,4777.256276711256
34039,6817.717200710194
34040,6817.731600410061
34041,6817.733387238102
34042,6817.728496587592
34043,6708.426552300037
34044,6708.420179743946
34045,6708.415665504218
34046,6708.412553791583
34047,6733.48073603583
34048,6733.494717460102
34049,6733.494152661389
34050,6733.490798551566
34051,5133.4713225637
34052,5041.898391429351
34053,5041.911935288475
34054,5041.9198634885415
34055,4445.870177995115
34056,4445.85900134936
34057,4445.855632293671
34058,4445.856709714681
34059,5181.011774367483
34060,5181.012377432377
34061,5181.018501899035
34062,5181.022585383446
34063,5139.724498905256
34064,5045.137322185189
34065,5045.117789988965
34066,5045.108938520402
34067,2342.6080953476703
34068,2342.5798930076635
34069,2342.567611142782
34070,2342.563816919712
34071,2377.0251094853083
34072,753.7848415201627
34073,690.4967246300558
34074,687.5274619530649
34075,602.2073205677019
34076,584.4895413240481
34077,564.8148680777522
34078,560.2948851977573
34079,576.1911641772784
34080,522.9276471975763
34081,541.0938222543967
34082,544.0212371860181
34083,545.1976628533926
34084,560.0824414747292
34085,550.6741503660692
34086,541.1418750594358
34087,558.7502722196712
34088,575.5867135004016
34089,553.9749180108365
34090,548.1691140707036
34091,554.8533369309704
34092,577.5689695645179
34093,568.9868096548995
34094,607.4347928079104
34095,712.0268290375809
34096,649.9438019127526
34097,571.6877208058029
34098,579.6281179364212
34099,509.5025129856389
34100,489.57170132491495
34101,506.1980559306406
34102,509.60766124315626
34103,487.1906097660242
34104,495.6021594919106
34105,484.4297676674013
34106,499.3394469085269
34107,525.5753287822192
34108,600.4008465873892
34109,604.24809533879
34110,570.0004627649485
34111,568.8013003585181
34112,699.1938112353731
34113,522.7079362526721
34114,622.3071468785354
34115,1632.812367605768
34116,1589.468498491201
34117,1586.5771103485336
34118,1622.065863587594
34119,1591.4267176081544
34120,1577.3086557379472
34121,2103.2737706818507
34122,2309.293782977403
34123,2347.2784395233366
34124,2067.048711897899
34125,1494.2032076830308
34126,1489.710968471452
34127,1790.2069447108722
34128,2142.308907700536
34129,1617.2537678026083
34130,1595.1355525475642
34131,1741.6591081694685
34132,2453.867643039962
34133,2375.7818478958347
34134,2358.000225866942
34135,2445.379993212352
34136,2373.102123122771
34137,2365.0767529452187
34138,2401.4397781104417
34139,2358.1508238050383
34140,2332.20080419068
34141,2382.817561994328
34142,2354.9589883742137
34143,2339.7515725037524
34144,2363.813639954013
34145,2311.2143340040416
34146,2337.6564948118585
34147,2361.975817909237
34148,2303.1957453709106
34149,1995.01048344904
34150,2105.585395483418
34151,1611.554652616266
34152,974.344234965613
34153,1447.0933942707757
34154,2076.8992177050663
34155,1972.7805717219871
34156,2000.211955615096
34157,2281.023392095284
34158,2279.28221237028
34159,1750.1310594422066
34160,1600.31982122224
34161,1612.1821255684483
34162,1638.440945422907
34163,1596.8078310106046
34164,1620.5718077065458
34165,1630.6548357203926
34166,1597.4577818104538
34167,1598.5446438911745
34168,638.0365598958996
34169,557.2045051392516
34170,567.9075465628667
34171,497.3455213275612
34172,446.1587844920619
34173,442.2625906161009
34174,424.7643916781496
34175,465.2431712629992
34176,516.844021574968
34177,531.5333194340903
34178,447.4434197620555
34179,440.4962215115815
34180,445.17135873506027
34181,508.712548918618
34182,559.7310898727969
34183,548.4477350305594
34184,504.90420867249753
34185,460.0432535633073
34186,463.27379042391885
34187,467.596768301072
34188,495.4937136102036
34189,468.4279906182642
34190,483.7662403059046
34191,500.5769507293124
34192,485.5061140874338
34193,471.7843133558336
34194,474.3592440730888
34195,462.6841055835888
34196,475.43291245292113
34197,642.2456051302004
34198,649.6497659150006
34199,565.5883528442143
34200,514.9771767963146
34201,484.3617838944532
34202,487.43819219363735
34203,480.5932184307975
34204,502.5283450209473
34205,508.7186575781605
34206,506.1680313638334
34207,531.2869909882077
34208,525.7358436988551
34209,504.2823805366484
34210,603.2051826874981
34211,1668.7085110119267
34212,2257.3124356124304
34213,2376.684008263799
34214,2242.956577244453
34215,1648.0412644827288
34216,1677.786818611662
34217,1626.1915305532827
34218,1649.7021456929306
34219,1694.8413077385749
34220,1543.874260751349
34221,1516.9750829999712
34222,1536.7382279779629
34223,1509.2996277802945
34224,1544.0974364992526
34225,1618.0549054165322
34226,1666.2279157829091
34227,2224.82337056316
34228,2317.051716885429
34229,2166.5349586664697
34230,1812.5543051559507
34231,2360.640222697923
34232,1707.3910176824745
34233,1607.4787560886605
34234,1642.5814306785303
34235,1602.0852398604825
34236,1617.5880213057494
34237,1640.896559396608
34238,1619.9658600129503
34239,1675.849123660949
34240,2249.681323613366
34241,2399.5395473951617
34242,2413.3569608799835
34243,2230.3363527970555
34244,1639.031496916328
34245,1708.0962370630757
34246,1668.3530673215223
34247,1486.961059778427
34248,1262.2546541243353
34249,1133.2370467775495
34250,1645.59473391363
34251,1694.6149817500518
34252,1647.9854224441567
34253,1671.9670211295909
34254,1684.8590879645012
34255,1799.4729394019396
34256,2438.862316997196
34257,2420.3374911558126
34258,2330.171642891961
34259,2143.8647756255623
34260,1657.3809483412629
34261,1656.739569434944
34262,1733.4645662132789
34263,1866.013566073065
34264,589.3775555563825
34265,446.7795246710932
34266,416.5033099252958
34267,453.1141968882274
34268,454.60122577789554
34269,440.5693990450105
34270,457.4517310994649
34271,460.3268034928162
34272,500.8931234744525
34273,578.5616938477569
34274,546.6666609373382
34275,539.2470604401249
34276,496.0985794114388
34277,492.1806117682529
34278,520.9676369627169
34279,609.2534539446101
34280,530.8809524558238
34281,508.5591927602883
34282,509.0179962581427
34283,501.258295909514
34284,518.497592252726
34285,516.8389315486472
34286,560.2088899973503
34287,559.8237719624791
34288,539.9548730766743
34289,520.2596166411681
34290,496.1131966213241
34291,488.2049519941141
34292,478.18165524369465
34293,484.686091075736
34294,471.2666391028605
34295,541.5529800718966
34296,561.7962140350929
34297,481.2324020540402
34298,485.386984052553
34299,491.6203491599286
34300,523.0867167764732
34301,586.6422277351764
34302,718.9593848863067
34303,4655.0369187614615
34304,4655.089702269315
34305,4655.129546066999
34306,4655.142696215093
34307,6509.184319413436
34308,7081.761655359966
34309,7081.774554550154
34310,7081.773642718298
34311,6778.33667201473
34312,6552.707020467325
34313,6552.720867177649
34314,6552.722996717496
34315,6852.364850010823
34316,6852.363995429228
34317,6852.360365446757
34318,6852.357963588189
34319,6073.884494600459
34320,1743.562326859315
34321,1743.530746075888
34322,1743.531075745453
34323,4994.714999173198
34324,4994.744465239707
34325,4994.762491122249
34326,4994.768293828133
34327,6713.586157068554
34328,6713.602739766184
34329,6713.605445563737
34330,6713.599987849537
34331,6475.044447785865
34332,6475.036651230107
34333,6475.032571016501
34334,6475.029447599004
34335,6376.478877770303
34336,6376.494310336708
34337,6376.495430434643
34338,6376.492379198371
34339,5054.822688023134
34340,5301.225431356897
34341,5301.240250092318
34342,5301.250156324675
34343,4887.84171440655
34344,4887.831195170224
34345,4887.828256489873
34346,4887.829626264214
34347,5619.743095114202
34348,5619.744136407347
34349,5619.750356636317
34350,5619.754679135353
34351,5682.284102189912
34352,5055.573209249749
34353,5055.553564497604
34354,5055.54524723567
34355,2095.408828017718
34356,2095.380292428142
34357,2095.368958355344
34358,2095.365253487086
34359,2345.083969505314
34360,900.8930454518636
34361,789.8714402188738
34362,802.948122540549
34363,786.2926751034481
34364,752.8437300339197
34365,703.9235440240176
34366,710.540435478336
34367,711.4310645454456
34368,727.8238820458683
34369,782.1054328809594
34370,803.816761580316
34371,801.3687663099607
34372,859.8785089243389
34373,872.8965871823183
34374,783.6564816450498
34375,762.4128213333955
34376,736.1119964860263
34377,746.5929685599804
34378,756.7189344962168
34379,756.2466685450609
34380,644.261110063006
34381,550.8495692535549
34382,542.3039826571713
34383,558.0821157925031
34384,549.8700179645268
34385,542.9740291389522
34386,532.6171119056476
34387,532.8994390816662
34388,547.0059043519497
34389,555.4734033951171
34390,577.7709880555803
34391,817.3652533813557
34392,800.6920631720114
34393,747.1637959340475
34394,591.8603646901947
34395,573.5084964817788
34396,564.9742287254519
34397,566.1040046783071
34398,788.2917699270193
34399,4456.950341350896
34400,4457.002208878784
34401,4457.042597313909
34402,4457.056117845265
34403,6303.002059771219
34404,6303.0175818712505
34405,6302.998870445887
34406,6302.970729155937
34407,2000.681458692884
34408,2000.659812196975
34409,2000.6527926808944
34410,2000.650907827427
34411,1815.7656611616703
34412,1815.766881391684
34413,1815.766837004849
34414,1815.7660342420431
34415,1314.2443242991833
34416,1314.2308072370035
34417,1314.231700555098
34418,1314.2329434488458
34419,2339.4206242049863
34420,2339.4250953561445
34421,2339.4287881209334
34422,2339.4314518580964
34423,2042.2838430239576
34424,2042.298492806288
34425,2042.303421883168
34426,2042.3015413119217
34427,1884.186996320867
34428,1884.1818388203608
34429,1884.1774542095595
34430,1884.174029414215
34431,1844.1140549916345
34432,1844.121164168002
34433,1844.1186213686635
34434,1844.114182912516
34435,2304.606035538931
34436,2304.6019412679416
34437,2304.601460202579
34438,2304.602204320003
34439,1841.9830198364664
34440,1841.9807077480807
34441,1841.9809326140544
34442,1841.9822730889875
34443,2306.766571489525
34444,2306.7707513825867
34445,2306.77416486795
34446,2306.776536024538
34447,2268.1874200768
34448,2268.189251194817
34449,2268.189986075384
34450,2268.1900967388574
34451,1348.4645960865034
34452,1348.455608883263
34453,1348.4543280353262
34454,1348.45540313548
34455,2941.6056417323334
34456,3296.807061678369
34457,3199.2960601571644
34458,3201.4264981374517
34459,3089.9667222461007
34460,2967.0954875739903
34461,2947.6022242881586
34462,2933.573539024695
34463,2964.5623401981084
34464,3021.207117330958
34465,3048.23708819958
34466,3051.2989942776835
34467,3058.191745565725
34468,3048.561593410215
34469,3065.5528645558907
34470,3054.9353018561487
34471,3056.0975310097924
34472,3051.648425172076
34473,3050.5807336376006
34474,3166.175737593788
34475,3122.44727860796
34476,2967.174740309496
34477,2961.9688390269944
34478,2957.755660867168
34479,2962.2589283388074
34480,2965.69928005377
34481,2942.764826548884
34482,2936.19020459556
34483,2951.5188112228248
34484,2958.9224221551617
34485,2951.2649261617594
34486,2976.7576663820646
34487,3091.7657242907862
34488,3101.67249438069
34489,3161.6057464027563
34490,3034.416254324992
34491,2989.1782003122985
34492,2979.1683060815667
34493,2995.358281884185
34494,3091.9538666144226
34495,4571.930461400044
34496,4571.986764040631
34497,4572.028422926408
34498,4572.042600226444
34499,6456.040553528044
34500,6915.295781002855
34501,6915.307834567046
34502,6915.303871916151
34503,6901.40355291215
34504,6526.311514822897
34505,6526.325228346643
34506,6526.327217651662
34507,6534.729884862267
34508,6534.728684499227
34509,6534.726458906494
34510,6534.724602028095
34511,6044.22895028453
34512,1953.928281474878
34513,1953.896918177624
34514,1953.897487249245
34515,4585.355733728202
34516,4585.387788208367
34517,4585.4055752849
34518,4585.412050718607
34519,6813.281987604143
34520,6813.297769572975
34521,6813.298979375901
34522,6813.292738180997
34523,6643.347738389993
34524,6643.340982568586
34525,6643.336943012798
34526,6643.334202614748
34527,6665.956915788129
34528,6665.97185425438
34529,6665.972072437182
34530,6665.969048850015
34531,4955.625589988724
34532,5057.536679150613
34533,5057.5503519420345
34534,5057.558235893102
34535,4516.292698688016
34536,4516.2819009713385
34537,4516.278774461851
34538,4516.2800123311135
34539,4961.958390487823
34540,4961.959535016212
34541,4961.965755982789
34542,4961.970131693873
34543,4823.151033371614
34544,4440.352405707281
34545,4440.332884731632
34546,4440.324758986872
34547,2115.0422927958803
34548,2115.01486370693
34549,2115.003039944722
34550,2114.999642986609
34551,2314.888167462866
34552,986.9020643085676
34553,899.1561243018276
34554,879.1820378861345
34555,851.5045432294986
34556,804.482540832176
34557,743.1540843291788
34558,680.545596563605
34559,694.9767039717993
34560,700.0128615066423
34561,730.5312448181294
34562,739.8497757356265
34563,731.4253044121226
34564,727.0202303665217
34565,732.4901813347217
34566,771.0424919383782
34567,729.6041754522149
34568,723.6161306850911
34569,737.3457620315845
34570,781.3612385604247
34571,853.8502894466818
34572,908.909942087598
34573,757.7639041640665
34574,774.6681873160818
34575,760.1600804146082
34576,749.3301370541302
34577,674.2222022269605
34578,594.6811945631825
34579,594.3859152267661
34580,600.573877925204
34581,623.3047844010256
34582,619.2052637861769
34583,606.3057940754959
34584,577.1678435091442
34585,550.6780090537029
34586,637.073358342132
34587,767.8541162749787
34588,695.2480388451507
34589,713.0406071688658
34590,825.2046083908727
34591,4603.316107944652
34592,4603.378856026634
34593,4603.42097880046
34594,4603.435377107068
34595,6734.9006920977245
34596,6963.447876017883
34597,6963.458013456657
34598,6963.451988499954
34599,7009.536677020532
34600,6782.947045919989
34601,6782.960951519703
34602,6782.962847394441
34603,6435.730337592138
34604,6435.729005860461
34605,6435.72743000306
34606,6435.725510867609
34607,5882.467841321014
34608,1937.49758508352
34609,1937.466182965016
34610,1937.4667131110784
34611,4607.2434080927815
34612,4607.276101721003
34613,4607.294217464998
34614,4607.300912340656
34615,6702.779810018317
34616,6702.795814625399
34617,6702.79711792566
34618,6702.790892205612
34619,6604.024040676274
34620,6604.017193793871
34621,6604.013208843388
34622,6604.010529264428
34623,6544.458560273375
34624,6544.473419271733
34625,6544.4734984118
34626,6544.470248349335
34627,4798.513301880427
34628,4868.423211068688
34629,4868.436823048471
34630,4868.44451837319
34631,4243.473515521889
34632,4243.462357063
34633,4243.458981063371
34634,4243.460045557623
34635,4929.970460137872
34636,4929.971014058737
34637,4929.977366267292
34638,4929.981886728255
34639,4792.181925414083
34640,4502.32884833958
34641,4502.30941385027
34642,4502.301462173425
34643,2058.9834957178373
34644,2058.9574631210107
34645,2058.946113416894
34646,2058.9428036827285
34647,2274.5312413486195
34648,924.6870862811176
34649,802.7362705068437
34650,798.8303534452207
34651,775.4171787474173
34652,714.771405174345
34653,673.6700625809838
34654,675.6885465323194
34655,698.841025951882
34656,718.6518533519356
34657,725.0261081964078
34658,738.4406964000925
34659,728.3503788824299
34660,818.1349631841671
34661,834.1755049426241
34662,737.9478775279003
34663,750.2633910651614
34664,788.2147787609438
34665,784.2455676978758
34666,769.1958810896817
34667,718.2013929353144
34668,625.2429524850287
34669,608.3421517551932
34670,621.4541722194546
34671,613.944744426444
34672,616.2127618728651
34673,611.6582635539352
34674,613.946863080391
34675,613.763899965464
34676,622.511540388785
34677,750.1315002206579
34678,853.4355444128694
34679,854.0011978451721
34680,645.6506621586346
34681,581.9867058900961
34682,568.3493566647073
34683,580.2020272765469
34684,561.390269406079
34685,624.8939400016548
34686,803.6319202212245
34687,4595.87600619169
34688,4595.941050769855
34689,4595.98174410509
34690,4595.99608262824
34691,6180.660303097747
34692,5831.324737679781
34693,5831.333120551528
34694,5831.327383276643
34695,5867.594248415914
34696,5783.308150226594
34697,5783.320027375938
34698,5783.323072905065
34699,5626.949178454539
34700,5626.950192553064
34701,5626.948351186773
34702,5626.946080205104
34703,5463.546161584358
34704,1805.907999059884
34705,1805.877764782635
34706,1805.8771645713127
34707,4294.452640367021
34708,4294.483483110835
34709,4294.500059214701
34710,4294.504935701658
34711,5577.294040943414
34712,5577.308392572135
34713,5577.309945362538
34714,5577.304947773844
34715,5319.695841995809
34716,5319.6894365081525
34717,5319.684836631451
34718,5319.681642634604
34719,5433.844804710563
34720,5433.858099712845
34721,5433.857451229211
34722,5433.854061662074
34723,4461.830555568925
34724,4522.134296613016
34725,4522.147168258407
34726,4522.1547830498
34727,3912.125133468
34728,3912.114202505139
34729,3912.111052600828
34730,3912.112225307313
34731,4619.680398802011
34732,4619.680996971874
34733,4619.686939793377
34734,4619.690892721264
34735,4465.096821570424
34736,4275.53330926687
34737,4275.514457845096
34738,4275.506111235325
34739,1985.7977104813783
34740,1985.7704655409784
34741,1985.757836117688
34742,1985.7560058676631
34743,2371.7246024835845
34744,762.7328772028802
34745,690.3308353301263
34746,685.3811300829053
34747,601.2352197706704
34748,584.9589849929976
34749,563.4206360827815
34750,559.7310592428262
34751,576.2485646289617
34752,522.4825487781225
34753,541.4169503635136
34754,545.0703636109935
34755,544.8539558158087
34756,560.7658852505683
34757,551.4150035436109
34758,541.252564028047
34759,560.6407330907008
34760,575.4811536999038
34761,553.4488316003014
34762,550.4765567073043
34763,554.7596654138927
34764,577.1615455370836
34765,570.6161951715555
34766,606.3863815567036
34767,710.0866556380786
34768,649.8240648702185
34769,571.3616473679792
34770,580.9519221499172
34771,510.7588467075657
34772,490.5221083897568
34773,509.3251273560494
34774,510.2774945271646
34775,488.77026072450417
34776,498.7643881872123
34777,485.4626631565263
34778,501.1082436260564
34779,527.6138230639225
34780,600.024326905382
34781,605.7027781897127
34782,571.2627086852548
34783,569.2913926074004
34784,699.7817577171514
34785,524.3300861109819
34786,622.2465780179645
34787,1641.6457554674273
34788,1595.1559220296317
34789,1593.8071816137638
34790,1637.3794340381055
34791,1597.082726814912
34792,1587.9802426755737
34793,2108.064758464446
34794,2303.5552076169674
34795,2348.1421504984305
34796,2048.268433689814
34797,1481.0998745419918
34798,1479.3293638537866
34799,1773.474273526513
34800,2132.205368950664
34801,1631.8237947998289
34802,1602.100098533955
34803,1744.240017031838
34804,2456.6831970428025
34805,2368.259348730858
34806,2350.733324041129
34807,2448.6555076437207
34808,2365.4168412755403
34809,2357.505372195912
34810,2403.7268208120413
34811,2350.514588097338
34812,2324.928837867892
34813,2385.7077696343968
34814,2347.564764073939
34815,2332.546956312911
34816,2368.782039363393
34817,2304.915861667714
34818,2330.948190350102
34819,2366.81238283249
34820,2296.808033270382
34821,1993.6484689629465
34822,2115.042091203298
34823,1617.106355247569
34824,971.547969223256
34825,1439.3700158803292
34826,2070.4033350340083
34827,1973.2577540350785
34828,2010.2713013610817
34829,2275.5471808101133
34830,2276.568790682817
34831,1763.2585335884094
34832,1605.7260456813835
34833,1620.125035350714
34834,1650.946139233108
34835,1601.888441158729
34836,1630.1762049738952
34837,1642.9186388279036
34838,1602.484691620696
34839,1609.1009561235912
34840,655.4075287718417
34841,558.7192290533352
34842,570.6869517119155
34843,500.90126330328286
34844,448.307272641639
34845,446.2799670201991
34846,428.14604325607786
34847,467.443055001801
34848,516.8221321407167
34849,534.4243632319765
34850,449.0570830938485
34851,442.6953573213556
34852,449.26997533717
34853,509.78718889451983
34854,561.2170285719926
34855,550.3148977795819
34856,506.1515235670704
34857,464.17857334339845
34858,465.9639976980257
34859,469.3873845363052
34860,499.6477279382693
34861,470.4351417484326
34862,485.68631162157993
34863,504.612658367683
34864,487.3183266509191
34865,474.8231918072457
34866,477.9541377152823
34867,464.5857022310032
34868,478.1109446449185
34869,642.3111322387316
34870,648.3838324901157
34871,567.4622923680756
34872,516.1534579423839
34873,485.482629681882
34874,490.8930584343588
34875,482.1125316956109
34876,503.6043224203054
34877,512.2066360066401
34878,507.2376544635956
34879,532.3504299200819
34880,528.8698804700663
34881,505.6812151809797
34882,604.6048731947133
34883,1670.557787895225
34884,2251.908587300595
34885,2376.9872962453187
34886,2241.792022500514
34887,1652.2129160630411
34888,1691.0285857107092
34889,1632.6661048948451
34890,1653.90147678862
34891,1709.7267528063917
34892,1530.9919803072169
34893,1503.2749002154435
34894,1526.0159892279653
34895,1495.3992596564096
34896,1543.0834528214302
34897,1633.7421419695831
34898,1669.760022851895
34899,2219.394852497181
34900,2321.923943697518
34901,2162.212186243388
34902,1814.3076753295668
34903,2364.9493364213745
34904,1710.256568276496
34905,1614.707239257278
34906,1656.0121748908125
34907,1606.6786809254245
34908,1626.5680222246967
34909,1653.0564362701934
34910,1624.4491190626593
34911,1685.8498872143462
34912,2251.114291002337
34913,2391.613382679924
34914,2413.712435299417
34915,2229.28612387887
34916,1643.4550326696483
34917,1722.9276201067594
34918,1673.065441012703
34919,1494.4919045189208
34920,1259.4393564452926
34921,1126.5571230588732
34922,1648.7162994807636
34923,1708.0220112130964
34924,1652.9972597170877
34925,1682.4951889384752
34926,1695.4600420658912
34927,1802.0149188605835
34928,2440.3578149819045
34929,2416.8579510188706
34930,2324.3865952090523
34931,2153.0937570725223
34932,1662.8750398081067
34933,1661.663826311967
34934,1750.8697173428309
34935,1867.7446244267512
34936,601.5499449242658
34937,450.250587010125
34938,418.7043416825123
34939,455.6463982331308
34940,456.6780987776374
34941,441.8592576742326
34942,460.40056106965216
34943,462.2219545568981
34944,501.35847655006273
34945,580.7163089790344
34946,547.2866872857584
34947,539.9757230266331
34948,499.7629543218656
34949,493.4667024079339
34950,522.6263226419172
34951,611.1474200069706
34952,531.5942380096907
34953,511.1575942359137
34954,511.7005573877354
34955,502.6517883865582
34956,521.3755613630435
34957,518.785813808566
34958,560.3141403278443
34959,562.3658905495961
34960,540.3359342426496
34961,521.047230246556
34962,499.80397806043874
34963,489.3515414181343
34964,480.26387629313234
34965,487.3346844323652
34966,472.6807795185717
34967,543.1506666097106
34968,562.6470454389497
34969,482.1935562618962
34970,488.1641442371877
34971,492.7629391225059
34972,524.1578860851715
34973,591.7339189074302
34974,722.1124181593877
34975,5128.338512349874
34976,5128.387777816504
34977,5128.424552384764
34978,5128.437116559595
34979,7066.95540345028
34980,7066.972295555621
34981,7066.957123237997
34982,7066.929959650486
34983,2661.127065129193
34984,2661.1042863871776
34985,2661.095933390396
34986,2661.093741461249
34987,2547.374621637166
34988,2547.375893682242
34989,2547.3757831919943
34990,2547.374891582877
34991,1495.665703187063
34992,1495.651232471056
34993,1495.6498193408545
34994,1495.6509256356578
34995,3298.0834586140654
34996,3298.090715814843
34997,3298.09326940076
34998,3298.095252570226
34999,2488.6964384323664
35000,2488.7130262746223
35001,2488.7180268547245
35002,2488.71610947761
35003,2283.838150305351
35004,2283.8338142313564
35005,2283.830047683468
35006,2283.82713027825
35007,2203.867783998633
35008,2203.874643526534
35009,2203.872352920035
35010,2203.8677698145902
35011,3082.072731397885
35012,3082.068532258112
35013,3082.0679652875547
35014,3082.068635370422
35015,2557.420700752162
35016,2557.418224533074
35017,2557.4183249445487
35018,2557.4190715914447
35019,3267.641895611696
35020,3267.645167156048
35021,3267.6477595706656
35022,3267.64988467928
35023,3182.212781983571
35024,3182.21426907848
35025,3182.2150513112115
35026,3182.215442433165
35027,1318.591109472201
35028,1318.5820355628289
35029,1318.5807084821768
35030,1318.58179134211
35031,2355.105092578396
35032,918.5380526994356
35033,790.5270340971798
35034,803.3913457626954
35035,786.9016170296185
35036,753.0644358497743
35037,704.539052293332
35038,711.0101823307434
35039,711.9334335545154
